username,department,role,event_type,hour,failed_logins_10m,denied_accesses_10m,unique_resources_30m,off_hours,role_mismatch,device_mismatch,label
lucas,sales,Sales Manager,login_success,10,0,0,3,0,0,0,normal
daniel,finance,Senior Accountant,file_access_success,12,0,0,3,0,0,0,normal
lucy,it,Monitoring and Logging Analyst,login_success,10,0,0,1,0,0,0,normal
liam,finance,Finance Assistant,login_success,11,0,0,1,0,0,0,normal
isla,hr,Recruitment Advisor,file_access_success,17,0,0,3,0,0,0,normal
grace,finance,Finance Manager,file_access_success,12,0,0,3,0,0,0,normal
adam,it,Senior IT Support Engineer,file_access_success,11,0,0,3,0,0,0,normal
jake,finance,Financial Analyst,login_success,13,0,0,2,0,0,0,normal
victoria,office_admin,Office Manager,login_success,17,0,0,2,0,0,0,normal
ryan,it,Network Administrator,file_access_success,12,0,0,2,0,0,0,normal
daisy,sales,Business Development Executive,login_success,10,0,0,1,0,0,0,normal
liam,finance,Finance Assistant,file_access_success,11,0,0,1,0,0,0,normal
victoria,office_admin,Office Manager,file_access_success,12,0,0,3,0,0,0,normal
liam,finance,Finance Assistant,file_access_success,11,0,0,1,0,0,0,normal
sam,it,Junior IT Support Technician,file_access_success,11,0,0,1,0,0,0,normal
owen,it,Endpoint Administrator,login_success,9,0,0,3,0,0,0,normal
ryan,it,Network Administrator,login_success,9,0,0,2,0,0,0,normal
grace,finance,Finance Manager,login_success,11,0,0,2,0,0,0,normal
hannah,it,Security Administrator,file_access_success,14,0,0,1,0,0,0,normal
nina,office_admin,Site Administrator,login_success,16,0,0,1,0,0,0,normal
zoe,it,Systems Administrator,file_access_success,14,0,0,3,0,0,0,normal
olivia,finance,Financial Reporting Accountant,file_access_success,8,0,0,3,0,0,0,normal
hannah,it,Security Administrator,login_success,14,0,0,3,0,0,0,normal
alex,it,IT Manager,file_access_success,12,0,0,1,0,0,0,normal
mason,hr,Recruitment Coordinator,file_access_success,16,0,0,2,0,0,0,normal
liam,finance,Finance Assistant,login_success,17,0,0,2,0,0,0,normal
hannah,it,Security Administrator,file_access_success,10,0,0,2,0,0,0,normal
millie,sales,Account Executive,file_access_success,15,0,0,1,0,0,0,normal
jack,sales,Senior Sales Executive,file_access_success,12,0,0,3,0,0,0,normal
lucas,sales,Sales Manager,file_access_success,12,0,0,2,0,0,0,normal
sarah,hr,HR Manager,login_success,10,0,0,2,0,0,0,normal
isla,hr,Recruitment Advisor,file_access_success,13,0,0,3,0,0,0,normal
ava,hr,Employee Relations Advisor,login_success,11,0,0,3,0,0,0,normal
henry,sales,Account Executive,file_access_success,13,0,0,2,0,0,0,normal
olivia,finance,Financial Reporting Accountant,login_success,11,0,0,1,0,0,0,normal
zoe,it,Systems Administrator,file_access_success,13,0,0,1,0,0,0,normal
freya,sales,Sales Executive,login_success,15,0,0,2,0,0,0,normal
victoria,office_admin,Office Manager,file_access_success,8,0,0,3,0,0,0,normal
amelia,hr,Senior HR Advisor,login_success,17,0,0,2,0,0,0,normal
daniel,finance,Senior Accountant,login_success,12,0,0,1,0,0,0,normal
adam,it,Senior IT Support Engineer,file_access_success,15,0,0,3,0,0,0,normal
charlie,sales,Sales Support Assistant,login_success,13,0,0,2,0,0,0,normal
noah,finance,Credit Controller,file_access_success,10,0,0,2,0,0,0,normal
mason,hr,Recruitment Coordinator,login_success,12,0,0,2,0,0,0,normal
freya,sales,Sales Executive,file_access_success,16,0,0,2,0,0,0,normal
erin,it,Identity and Access Administrator,file_access_success,10,0,0,2,0,0,0,normal
erin,it,Identity and Access Administrator,file_access_success,13,0,0,1,0,0,0,normal
liam,finance,Finance Assistant,file_access_success,17,0,0,1,0,0,0,normal
rosie,sales,Sales Support Coordinator,login_success,16,0,0,2,0,0,0,normal
sarah,hr,HR Manager,file_access_success,10,0,0,3,0,0,0,normal
emma,finance,Accounts Payable Assistant,login_success,9,0,0,2,0,0,0,normal
megan,it,IT Support Engineer,login_success,11,0,0,1,0,0,0,normal
hannah,it,Security Administrator,file_access_success,11,0,0,3,0,0,0,normal
jake,finance,Financial Analyst,file_access_success,14,0,0,3,0,0,0,normal
daisy,sales,Business Development Executive,login_success,9,0,0,3,0,0,0,normal
jack,sales,Senior Sales Executive,login_success,14,0,0,1,0,0,0,normal
ella,sales,Senior Sales Executive,login_success,13,0,0,2,0,0,0,normal
harry,hr,People Operations Administrator,login_success,14,0,0,3,0,0,0,normal
ethan,hr,HR Advisor,file_access_success,14,0,0,3,0,0,0,normal
grace,finance,Finance Manager,file_access_success,14,0,0,3,0,0,0,normal
chloe,hr,HR Advisor,file_access_success,10,0,0,3,0,0,0,normal
oscar,sales,Sales Executive,file_access_success,10,0,0,2,0,0,0,normal
owen,it,Endpoint Administrator,file_access_success,14,0,0,1,0,0,0,normal
poppy,sales,Sales Administrator,login_success,16,0,0,2,0,0,0,normal
nathan,it,Senior Systems Administrator,login_success,12,0,0,2,0,0,0,normal
ava,hr,Employee Relations Advisor,login_success,9,0,0,1,0,0,0,normal
adam,it,Senior IT Support Engineer,login_success,16,0,0,1,0,0,0,normal
archie,hr,HR Assistant,file_access_success,17,0,0,3,0,0,0,normal
victoria,office_admin,Office Manager,file_access_success,13,0,0,1,0,0,0,normal
mia,hr,HR Administrator,file_access_success,12,0,0,2,0,0,0,normal
theo,sales,Junior Sales Executive,login_success,17,0,0,2,0,0,0,normal
lucy,it,Monitoring and Logging Analyst,file_access_success,15,0,0,3,0,0,0,normal
amelia,hr,Senior HR Advisor,file_access_success,11,0,0,1,0,0,0,normal
victoria,office_admin,Office Manager,file_access_success,11,0,0,1,0,0,0,normal
isla,hr,Recruitment Advisor,file_access_success,16,0,0,1,0,0,0,normal
archie,hr,HR Assistant,login_success,16,0,0,3,0,0,0,normal
leo,hr,Learning and Development Coordinator,file_access_success,10,0,0,1,0,0,0,normal
oscar,sales,Sales Executive,login_success,14,0,0,2,0,0,0,normal
nina,office_admin,Site Administrator,login_success,16,0,0,2,0,0,0,normal
alex,it,IT Manager,file_access_success,10,0,0,3,0,0,0,normal
archie,hr,HR Assistant,login_success,17,0,0,1,0,0,0,normal
ava,hr,Employee Relations Advisor,login_success,14,0,0,2,0,0,0,normal
chloe,hr,HR Advisor,login_success,10,0,0,2,0,0,0,normal
harry,hr,People Operations Administrator,file_access_success,11,0,0,3,0,0,0,normal
olivia,finance,Financial Reporting Accountant,login_success,9,0,0,3,0,0,0,normal
erin,it,Identity and Access Administrator,file_access_success,12,0,0,2,0,0,0,normal
ruby,sales,Sales Executive,login_success,15,0,0,2,0,0,0,normal
charlie,sales,Sales Support Assistant,file_access_success,17,0,0,2,0,0,0,normal
callum,it,IT Support Technician,file_access_success,13,0,0,1,0,0,0,normal
hannah,it,Security Administrator,file_access_success,17,0,0,1,0,0,0,normal
lucy,it,Monitoring and Logging Analyst,file_access_success,9,0,0,2,0,0,0,normal
jake,finance,Financial Analyst,file_access_success,16,0,0,3,0,0,0,normal
zoe,it,Systems Administrator,login_success,9,0,0,2,0,0,0,normal
nathan,it,Senior Systems Administrator,file_access_success,14,0,0,2,0,0,0,normal
megan,it,IT Support Engineer,login_success,15,0,0,1,0,0,0,normal
lucy,it,Monitoring and Logging Analyst,login_success,11,0,0,2,0,0,0,normal
victoria,office_admin,Office Manager,login_success,15,0,0,2,0,0,0,normal
sophie,finance,Payroll Administrator,file_access_success,10,0,0,1,0,0,0,normal
ethan,hr,HR Advisor,file_access_success,11,0,0,1,0,0,0,normal
poppy,sales,Sales Administrator,file_access_success,15,0,0,2,0,0,0,normal
callum,it,IT Support Technician,file_access_success,9,0,0,3,0,0,0,normal
ethan,hr,HR Advisor,login_success,15,0,0,1,0,0,0,normal
jack,sales,Senior Sales Executive,login_success,16,0,0,1,0,0,0,normal
millie,sales,Account Executive,login_success,13,0,0,3,0,0,0,normal
isla,hr,Recruitment Advisor,file_access_success,16,0,0,3,0,0,0,normal
lily,hr,HR Assistant,login_success,14,0,0,3,0,0,0,normal
poppy,sales,Sales Administrator,login_success,9,0,0,3,0,0,0,normal
ava,hr,Employee Relations Advisor,file_access_success,13,0,0,3,0,0,0,normal
olivia,finance,Financial Reporting Accountant,file_access_success,14,0,0,2,0,0,0,normal
sophie,finance,Payroll Administrator,login_success,16,0,0,3,0,0,0,normal
ryan,it,Network Administrator,login_success,12,0,0,2,0,0,0,normal
lucy,it,Monitoring and Logging Analyst,file_access_success,12,0,0,1,0,0,0,normal
sarah,hr,HR Manager,file_access_success,12,0,0,2,0,0,0,normal
owen,it,Endpoint Administrator,file_access_success,14,0,0,3,0,0,0,normal
mason,hr,Recruitment Coordinator,login_success,14,0,0,2,0,0,0,normal
leo,hr,Learning and Development Coordinator,login_success,13,0,0,1,0,0,0,normal
archie,hr,HR Assistant,file_access_success,15,0,0,2,0,0,0,normal
amelia,hr,Senior HR Advisor,file_access_success,13,0,0,2,0,0,0,normal
harry,hr,People Operations Administrator,file_access_success,16,0,0,1,0,0,0,normal
callum,it,IT Support Technician,login_success,13,0,0,1,0,0,0,normal
ruby,sales,Sales Executive,login_success,9,0,0,2,0,0,0,normal
olivia,finance,Financial Reporting Accountant,login_success,14,0,0,3,0,0,0,normal
zoe,it,Systems Administrator,file_access_success,8,0,0,3,0,0,0,normal
lucy,it,Monitoring and Logging Analyst,file_access_success,12,0,0,3,0,0,0,normal
olivia,finance,Financial Reporting Accountant,file_access_success,9,0,0,2,0,0,0,normal
nina,office_admin,Site Administrator,file_access_success,12,0,0,3,0,0,0,normal
leo,hr,Learning and Development Coordinator,login_success,17,0,0,1,0,0,0,normal
leo,hr,Learning and Development Coordinator,login_success,11,0,0,1,0,0,0,normal
erin,it,Identity and Access Administrator,login_success,11,0,0,1,0,0,0,normal
theo,sales,Junior Sales Executive,file_access_success,9,0,0,3,0,0,0,normal
sam,it,Junior IT Support Technician,file_access_success,13,0,0,3,0,0,0,normal
ben,office_admin,Deputy Office Manager,file_access_success,16,0,0,1,0,0,0,normal
alex,it,IT Manager,file_access_success,16,0,0,2,0,0,0,normal
ava,hr,Employee Relations Advisor,file_access_success,14,0,0,3,0,0,0,normal
callum,it,IT Support Technician,file_access_success,11,0,0,1,0,0,0,normal
mia,hr,HR Administrator,file_access_success,17,0,0,3,0,0,0,normal
callum,it,IT Support Technician,login_success,11,0,0,1,0,0,0,normal
henry,sales,Account Executive,file_access_success,17,0,0,2,0,0,0,normal
ella,sales,Senior Sales Executive,file_access_success,13,0,0,1,0,0,0,normal
callum,it,IT Support Technician,file_access_success,12,0,0,2,0,0,0,normal
isla,hr,Recruitment Advisor,login_success,11,0,0,1,0,0,0,normal
archie,hr,HR Assistant,file_access_success,15,0,0,3,0,0,0,normal
lucas,sales,Sales Manager,login_success,18,0,0,2,0,0,0,normal
amelia,hr,Senior HR Advisor,login_success,10,0,0,1,0,0,0,normal
olivia,finance,Financial Reporting Accountant,file_access_success,15,0,0,3,0,0,0,normal
ruby,sales,Sales Executive,file_access_success,15,0,0,1,0,0,0,normal
poppy,sales,Sales Administrator,login_success,16,0,0,2,0,0,0,normal
daniel,finance,Senior Accountant,login_success,15,0,0,1,0,0,0,normal
ruby,sales,Sales Executive,file_access_success,9,0,0,1,0,0,0,normal
erin,it,Identity and Access Administrator,login_success,9,0,0,3,0,0,0,normal
poppy,sales,Sales Administrator,file_access_success,16,0,0,1,0,0,0,normal
olivia,finance,Financial Reporting Accountant,file_access_success,14,0,0,2,0,0,0,normal
lily,hr,HR Assistant,file_access_success,10,0,0,3,0,0,0,normal
isla,hr,Recruitment Advisor,login_success,8,0,0,3,0,0,0,normal
victoria,office_admin,Office Manager,login_success,18,0,0,3,0,0,0,normal
amelia,hr,Senior HR Advisor,file_access_success,9,0,0,2,0,0,0,normal
grace,finance,Finance Manager,login_success,17,0,0,2,0,0,0,normal
zoe,it,Systems Administrator,file_access_success,9,0,0,3,0,0,0,normal
chloe,hr,HR Advisor,file_access_success,13,0,0,1,0,0,0,normal
sam,it,Junior IT Support Technician,file_access_success,14,0,0,3,0,0,0,normal
charlie,sales,Sales Support Assistant,file_access_success,15,0,0,3,0,0,0,normal
erin,it,Identity and Access Administrator,login_success,16,0,0,3,0,0,0,normal
alfie,sales,Sales Executive,login_success,13,0,0,3,0,0,0,normal
millie,sales,Account Executive,file_access_success,13,0,0,2,0,0,0,normal
noah,finance,Credit Controller,file_access_success,15,0,0,1,0,0,0,normal
theo,sales,Junior Sales Executive,file_access_success,15,0,0,1,0,0,0,normal
ethan,hr,HR Advisor,login_success,13,0,0,2,0,0,0,normal
alex,it,IT Manager,login_success,12,0,0,1,0,0,0,normal
lucy,it,Monitoring and Logging Analyst,login_success,12,0,0,1,0,0,0,normal
rosie,sales,Sales Support Coordinator,login_success,13,0,0,1,0,0,0,normal
lily,hr,HR Assistant,login_success,14,0,0,1,0,0,0,normal
millie,sales,Account Executive,login_success,9,0,0,1,0,0,0,normal
callum,it,IT Support Technician,file_access_success,15,0,0,3,0,0,0,normal
ethan,hr,HR Advisor,file_access_success,15,0,0,2,0,0,0,normal
jack,sales,Senior Sales Executive,login_success,16,0,0,1,0,0,0,normal
mia,hr,HR Administrator,file_access_success,16,0,0,3,0,0,0,normal
sarah,hr,HR Manager,file_access_success,8,0,0,1,0,0,0,normal
henry,sales,Account Executive,file_access_success,17,0,0,3,0,0,0,normal
owen,it,Endpoint Administrator,login_success,14,0,0,3,0,0,0,normal
sophie,finance,Payroll Administrator,login_success,13,0,0,1,0,0,0,normal
nina,office_admin,Site Administrator,file_access_success,14,0,0,2,0,0,0,normal
daniel,finance,Senior Accountant,login_success,12,0,0,3,0,0,0,normal
alfie,sales,Sales Executive,login_success,17,0,0,1,0,0,0,normal
liam,finance,Finance Assistant,file_access_success,16,0,0,1,0,0,0,normal
oscar,sales,Sales Executive,file_access_success,12,0,0,3,0,0,0,normal
noah,finance,Credit Controller,file_access_success,13,0,0,3,0,0,0,normal
liam,finance,Finance Assistant,file_access_success,13,0,0,3,0,0,0,normal
chloe,hr,HR Advisor,login_success,13,0,0,1,0,0,0,normal
olivia,finance,Financial Reporting Accountant,file_access_success,11,0,0,2,0,0,0,normal
lucas,sales,Sales Manager,file_access_success,12,0,0,2,0,0,0,normal
sophie,finance,Payroll Administrator,file_access_success,17,0,0,1,0,0,0,normal
ruby,sales,Sales Executive,file_access_success,10,0,0,2,0,0,0,normal
nathan,it,Senior Systems Administrator,login_success,10,0,0,2,0,0,0,normal
lucy,it,Monitoring and Logging Analyst,file_access_success,16,0,0,1,0,0,0,normal
nina,office_admin,Site Administrator,file_access_success,9,0,0,3,0,0,0,normal
daniel,finance,Senior Accountant,login_success,12,0,0,2,0,0,0,normal
chloe,hr,HR Advisor,login_success,12,0,0,1,0,0,0,normal
amelia,hr,Senior HR Advisor,file_access_success,12,0,0,1,0,0,0,normal
liam,finance,Finance Assistant,login_success,15,0,0,2,0,0,0,normal
daniel,finance,Senior Accountant,file_access_success,8,0,0,2,0,0,0,normal
erin,it,Identity and Access Administrator,login_success,16,0,0,3,0,0,0,normal
mason,hr,Recruitment Coordinator,file_access_success,17,0,0,2,0,0,0,normal
olivia,finance,Financial Reporting Accountant,login_success,16,0,0,3,0,0,0,normal
isla,hr,Recruitment Advisor,login_success,12,0,0,1,0,0,0,normal
george,sales,Business Development Executive,file_access_success,9,0,0,3,0,0,0,normal
mason,hr,Recruitment Coordinator,file_access_success,9,0,0,2,0,0,0,normal
archie,hr,HR Assistant,file_access_success,12,0,0,3,0,0,0,normal
chloe,hr,HR Advisor,file_access_success,10,0,0,1,0,0,0,normal
theo,sales,Junior Sales Executive,login_success,14,0,0,1,0,0,0,normal
ava,hr,Employee Relations Advisor,file_access_success,16,0,0,2,0,0,0,normal
poppy,sales,Sales Administrator,file_access_success,13,0,0,3,0,0,0,normal
ben,office_admin,Deputy Office Manager,file_access_success,16,0,0,2,0,0,0,normal
ella,sales,Senior Sales Executive,file_access_success,12,0,0,3,0,0,0,normal
lily,hr,HR Assistant,file_access_success,10,0,0,2,0,0,0,normal
callum,it,IT Support Technician,file_access_success,16,0,0,1,0,0,0,normal
theo,sales,Junior Sales Executive,file_access_success,9,0,0,2,0,0,0,normal
emma,finance,Accounts Payable Assistant,login_success,10,0,0,3,0,0,0,normal
millie,sales,Account Executive,login_success,15,0,0,3,0,0,0,normal
lucy,it,Monitoring and Logging Analyst,file_access_success,13,0,0,2,0,0,0,normal
zoe,it,Systems Administrator,login_success,17,0,0,1,0,0,0,normal
jake,finance,Financial Analyst,login_success,14,0,0,1,0,0,0,normal
hannah,it,Security Administrator,file_access_success,15,0,0,3,0,0,0,normal
ben,office_admin,Deputy Office Manager,file_access_success,9,0,0,2,0,0,0,normal
victoria,office_admin,Office Manager,login_success,14,0,0,2,0,0,0,normal
jack,sales,Senior Sales Executive,file_access_success,16,0,0,3,0,0,0,normal
amelia,hr,Senior HR Advisor,login_success,8,0,0,3,0,0,0,normal
emma,finance,Accounts Payable Assistant,file_access_success,17,0,0,3,0,0,0,normal
ryan,it,Network Administrator,login_success,11,0,0,1,0,0,0,normal
theo,sales,Junior Sales Executive,file_access_success,16,0,0,3,0,0,0,normal
ella,sales,Senior Sales Executive,login_success,15,0,0,3,0,0,0,normal
mason,hr,Recruitment Coordinator,file_access_success,10,0,0,2,0,0,0,normal
callum,it,IT Support Technician,login_success,14,0,0,2,0,0,0,normal
zoe,it,Systems Administrator,file_access_success,9,0,0,3,0,0,0,normal
ella,sales,Senior Sales Executive,login_success,12,0,0,1,0,0,0,normal
millie,sales,Account Executive,login_success,16,0,0,1,0,0,0,normal
daniel,finance,Senior Accountant,file_access_success,16,0,0,1,0,0,0,normal
grace,finance,Finance Manager,login_success,13,0,0,3,0,0,0,normal
ryan,it,Network Administrator,file_access_success,12,0,0,1,0,0,0,normal
victoria,office_admin,Office Manager,login_success,13,0,0,2,0,0,0,normal
ethan,hr,HR Advisor,file_access_success,16,0,0,2,0,0,0,normal
lily,hr,HR Assistant,login_success,11,0,0,2,0,0,0,normal
henry,sales,Account Executive,file_access_success,9,0,0,3,0,0,0,normal
victoria,office_admin,Office Manager,file_access_success,10,0,0,1,0,0,0,normal
lucas,sales,Sales Manager,login_success,16,0,0,1,0,0,0,normal
megan,it,IT Support Engineer,login_success,14,0,0,2,0,0,0,normal
olivia,finance,Financial Reporting Accountant,file_access_success,17,0,0,2,0,0,0,normal
daisy,sales,Business Development Executive,file_access_success,17,0,0,2,0,0,0,normal
emma,finance,Accounts Payable Assistant,login_success,17,0,0,2,0,0,0,normal
isla,hr,Recruitment Advisor,file_access_success,15,0,0,3,0,0,0,normal
jake,finance,Financial Analyst,login_success,10,0,0,1,0,0,0,normal
erin,it,Identity and Access Administrator,file_access_success,14,0,0,1,0,0,0,normal
isla,hr,Recruitment Advisor,login_success,14,0,0,1,0,0,0,normal
erin,it,Identity and Access Administrator,login_success,8,0,0,2,0,0,0,normal
hannah,it,Security Administrator,file_access_success,9,0,0,2,0,0,0,normal
callum,it,IT Support Technician,login_success,12,0,0,3,0,0,0,normal
victoria,office_admin,Office Manager,login_success,8,0,0,2,0,0,0,normal
jake,finance,Financial Analyst,file_access_success,16,0,0,3,0,0,0,normal
lily,hr,HR Assistant,file_access_success,14,0,0,1,0,0,0,normal
ben,office_admin,Deputy Office Manager,file_access_success,8,0,0,2,0,0,0,normal
erin,it,Identity and Access Administrator,file_access_success,15,0,0,1,0,0,0,normal
emma,finance,Accounts Payable Assistant,file_access_success,16,0,0,2,0,0,0,normal
callum,it,IT Support Technician,login_success,10,0,0,1,0,0,0,normal
chloe,hr,HR Advisor,file_access_success,17,0,0,3,0,0,0,normal
george,sales,Business Development Executive,file_access_success,14,0,0,2,0,0,0,normal
sophie,finance,Payroll Administrator,login_success,15,0,0,2,0,0,0,normal
leo,hr,Learning and Development Coordinator,file_access_success,17,0,0,2,0,0,0,normal
rosie,sales,Sales Support Coordinator,file_access_success,11,0,0,2,0,0,0,normal
jake,finance,Financial Analyst,file_access_success,13,0,0,1,0,0,0,normal
callum,it,IT Support Technician,file_access_success,16,0,0,1,0,0,0,normal
isla,hr,Recruitment Advisor,file_access_success,12,0,0,2,0,0,0,normal
sam,it,Junior IT Support Technician,file_access_success,16,0,0,3,0,0,0,normal
sarah,hr,HR Manager,file_access_success,15,0,0,3,0,0,0,normal
archie,hr,HR Assistant,login_success,14,0,0,2,0,0,0,normal
henry,sales,Account Executive,file_access_success,14,0,0,1,0,0,0,normal
ryan,it,Network Administrator,file_access_success,14,0,0,2,0,0,0,normal
adam,it,Senior IT Support Engineer,login_success,12,0,0,3,0,0,0,normal
theo,sales,Junior Sales Executive,file_access_success,12,0,0,3,0,0,0,normal
ben,office_admin,Deputy Office Manager,file_access_success,10,0,0,3,0,0,0,normal
emma,finance,Accounts Payable Assistant,login_success,14,0,0,3,0,0,0,normal
henry,sales,Account Executive,file_access_success,15,0,0,2,0,0,0,normal
ryan,it,Network Administrator,login_success,15,0,0,1,0,0,0,normal
alfie,sales,Sales Executive,file_access_success,10,0,0,3,0,0,0,normal
lucy,it,Monitoring and Logging Analyst,login_success,14,0,0,3,0,0,0,normal
nina,office_admin,Site Administrator,file_access_success,15,0,0,1,0,0,0,normal
lily,hr,HR Assistant,login_success,9,0,0,3,0,0,0,normal
ava,hr,Employee Relations Advisor,login_success,14,0,0,3,0,0,0,normal
zoe,it,Systems Administrator,login_success,10,0,0,2,0,0,0,normal
nathan,it,Senior Systems Administrator,file_access_success,14,0,0,1,0,0,0,normal
nina,office_admin,Site Administrator,file_access_success,13,0,0,1,0,0,0,normal
adam,it,Senior IT Support Engineer,file_access_success,13,0,0,1,0,0,0,normal
alfie,sales,Sales Executive,file_access_success,15,0,0,3,0,0,0,normal
sarah,hr,HR Manager,login_success,13,0,0,1,0,0,0,normal
sarah,hr,HR Manager,file_access_success,11,0,0,3,0,0,0,normal
lucy,it,Monitoring and Logging Analyst,login_success,11,0,0,2,0,0,0,normal
jake,finance,Financial Analyst,login_success,8,0,0,1,0,0,0,normal
george,sales,Business Development Executive,login_success,9,0,0,3,0,0,0,normal
sam,it,Junior IT Support Technician,file_access_success,10,0,0,3,0,0,0,normal
amelia,hr,Senior HR Advisor,login_success,10,0,0,1,0,0,0,normal
nina,office_admin,Site Administrator,file_access_success,9,0,0,3,0,0,0,normal
olivia,finance,Financial Reporting Accountant,login_success,10,0,0,1,0,0,0,normal
sam,it,Junior IT Support Technician,login_success,17,0,0,1,0,0,0,normal
jack,sales,Senior Sales Executive,login_success,18,0,0,2,0,0,0,normal
sophie,finance,Payroll Administrator,login_success,11,0,0,3,0,0,0,normal
erin,it,Identity and Access Administrator,login_success,8,0,0,1,0,0,0,normal
mia,hr,HR Administrator,login_success,9,0,0,2,0,0,0,normal
nathan,it,Senior Systems Administrator,file_access_success,12,0,0,1,0,0,0,normal
erin,it,Identity and Access Administrator,file_access_success,8,0,0,1,0,0,0,normal
callum,it,IT Support Technician,file_access_success,17,0,0,1,0,0,0,normal
owen,it,Endpoint Administrator,file_access_success,13,0,0,1,0,0,0,normal
lucas,sales,Sales Manager,file_access_success,14,0,0,3,0,0,0,normal
callum,it,IT Support Technician,login_success,18,0,0,2,0,0,0,normal
owen,it,Endpoint Administrator,login_success,12,0,0,2,0,0,0,normal
nina,office_admin,Site Administrator,login_success,16,0,0,1,0,0,0,normal
alex,it,IT Manager,login_success,10,0,0,1,0,0,0,normal
daisy,sales,Business Development Executive,login_success,16,0,0,3,0,0,0,normal
rosie,sales,Sales Support Coordinator,file_access_success,11,0,0,3,0,0,0,normal
zoe,it,Systems Administrator,file_access_success,9,0,0,3,0,0,0,normal
lucas,sales,Sales Manager,login_success,18,0,0,3,0,0,0,normal
oscar,sales,Sales Executive,file_access_success,16,0,0,2,0,0,0,normal
lucas,sales,Sales Manager,file_access_success,11,0,0,3,0,0,0,normal
jack,sales,Senior Sales Executive,file_access_success,17,0,0,3,0,0,0,normal
lucas,sales,Sales Manager,file_access_success,11,0,0,1,0,0,0,normal
leo,hr,Learning and Development Coordinator,file_access_success,16,0,0,2,0,0,0,normal
jake,finance,Financial Analyst,login_success,12,0,0,3,0,0,0,normal
mason,hr,Recruitment Coordinator,login_success,16,0,0,2,0,0,0,normal
henry,sales,Account Executive,login_success,17,0,0,2,0,0,0,normal
freya,sales,Sales Executive,login_success,13,0,0,3,0,0,0,normal
adam,it,Senior IT Support Engineer,login_success,17,0,0,2,0,0,0,normal
lucy,it,Monitoring and Logging Analyst,file_access_success,15,0,0,2,0,0,0,normal
lucas,sales,Sales Manager,login_success,13,0,0,1,0,0,0,normal
poppy,sales,Sales Administrator,file_access_success,11,0,0,1,0,0,0,normal
rosie,sales,Sales Support Coordinator,login_success,16,0,0,1,0,0,0,normal
ben,office_admin,Deputy Office Manager,login_success,9,0,0,2,0,0,0,normal
noah,finance,Credit Controller,file_access_success,9,0,0,1,0,0,0,normal
daisy,sales,Business Development Executive,login_success,18,0,0,3,0,0,0,normal
poppy,sales,Sales Administrator,file_access_success,15,0,0,2,0,0,0,normal
sarah,hr,HR Manager,file_access_success,12,0,0,1,0,0,0,normal
jack,sales,Senior Sales Executive,login_success,15,0,0,2,0,0,0,normal
freya,sales,Sales Executive,file_access_success,14,0,0,3,0,0,0,normal
mia,hr,HR Administrator,login_success,10,0,0,3,0,0,0,normal
ruby,sales,Sales Executive,file_access_success,10,0,0,1,0,0,0,normal
leo,hr,Learning and Development Coordinator,login_success,11,0,0,2,0,0,0,normal
nathan,it,Senior Systems Administrator,file_access_success,14,0,0,2,0,0,0,normal
megan,it,IT Support Engineer,login_success,15,0,0,2,0,0,0,normal
ruby,sales,Sales Executive,login_success,17,0,0,3,0,0,0,normal
sam,it,Junior IT Support Technician,login_success,14,0,0,3,0,0,0,normal
ava,hr,Employee Relations Advisor,file_access_success,15,0,0,2,0,0,0,normal
harry,hr,People Operations Administrator,login_success,11,0,0,1,0,0,0,normal
sarah,hr,HR Manager,file_access_success,13,0,0,3,0,0,0,normal
archie,hr,HR Assistant,login_success,16,0,0,1,0,0,0,normal
george,sales,Business Development Executive,login_success,10,0,0,2,0,0,0,normal
henry,sales,Account Executive,file_access_success,9,0,0,1,0,0,0,normal
oscar,sales,Sales Executive,login_success,16,0,0,3,0,0,0,normal
ethan,hr,HR Advisor,login_success,10,0,0,2,0,0,0,normal
sarah,hr,HR Manager,login_success,15,0,0,2,0,0,0,normal
megan,it,IT Support Engineer,file_access_success,9,0,0,1,0,0,0,normal
oscar,sales,Sales Executive,login_success,17,0,0,2,0,0,0,normal
alex,it,IT Manager,file_access_success,12,0,0,2,0,0,0,normal
poppy,sales,Sales Administrator,login_success,14,0,0,2,0,0,0,normal
zoe,it,Systems Administrator,login_success,12,0,0,2,0,0,0,normal
rosie,sales,Sales Support Coordinator,login_success,11,0,0,1,0,0,0,normal
lily,hr,HR Assistant,file_access_success,17,0,0,2,0,0,0,normal
daniel,finance,Senior Accountant,file_access_success,10,0,0,3,0,0,0,normal
jake,finance,Financial Analyst,login_success,15,0,0,3,0,0,0,normal
callum,it,IT Support Technician,login_success,16,0,0,3,0,0,0,normal
alex,it,IT Manager,login_success,8,0,0,3,0,0,0,normal
alex,it,IT Manager,file_access_success,8,0,0,2,0,0,0,normal
ben,office_admin,Deputy Office Manager,file_access_success,9,0,0,1,0,0,0,normal
freya,sales,Sales Executive,login_success,13,0,0,1,0,0,0,normal
amelia,hr,Senior HR Advisor,file_access_success,17,0,0,3,0,0,0,normal
alex,it,IT Manager,login_success,8,0,0,2,0,0,0,normal
sam,it,Junior IT Support Technician,login_success,13,0,0,2,0,0,0,normal
lucy,it,Monitoring and Logging Analyst,login_success,14,0,0,3,0,0,0,normal
jack,sales,Senior Sales Executive,file_access_success,15,0,0,3,0,0,0,normal
theo,sales,Junior Sales Executive,file_access_success,16,0,0,2,0,0,0,normal
hannah,it,Security Administrator,file_access_success,13,0,0,2,0,0,0,normal
isla,hr,Recruitment Advisor,file_access_success,8,0,0,3,0,0,0,normal
jack,sales,Senior Sales Executive,login_success,10,0,0,1,0,0,0,normal
harry,hr,People Operations Administrator,file_access_success,16,0,0,1,0,0,0,normal
ethan,hr,HR Advisor,login_success,13,0,0,2,0,0,0,normal
theo,sales,Junior Sales Executive,login_success,16,0,0,3,0,0,0,normal
grace,finance,Finance Manager,login_success,16,0,0,2,0,0,0,normal
ethan,hr,HR Advisor,file_access_success,17,0,0,2,0,0,0,normal
jake,finance,Financial Analyst,login_success,13,0,0,3,0,0,0,normal
nina,office_admin,Site Administrator,login_success,16,0,0,2,0,0,0,normal
amelia,hr,Senior HR Advisor,file_access_success,11,0,0,3,0,0,0,normal
megan,it,IT Support Engineer,file_access_success,15,0,0,1,0,0,0,normal
lucy,it,Monitoring and Logging Analyst,file_access_success,14,0,0,2,0,0,0,normal
ruby,sales,Sales Executive,file_access_success,12,0,0,2,0,0,0,normal
daniel,finance,Senior Accountant,login_success,10,0,0,2,0,0,0,normal
theo,sales,Junior Sales Executive,file_access_success,11,0,0,2,0,0,0,normal
millie,sales,Account Executive,login_success,14,0,0,3,0,0,0,normal
poppy,sales,Sales Administrator,login_success,10,0,0,2,0,0,0,normal
mason,hr,Recruitment Coordinator,file_access_success,10,0,0,3,0,0,0,normal
daisy,sales,Business Development Executive,login_success,14,0,0,2,0,0,0,normal
jake,finance,Financial Analyst,login_success,12,0,0,2,0,0,0,normal
millie,sales,Account Executive,login_success,14,0,0,1,0,0,0,normal
owen,it,Endpoint Administrator,file_access_success,10,0,0,1,0,0,0,normal
ava,hr,Employee Relations Advisor,login_success,17,0,0,3,0,0,0,normal
oscar,sales,Sales Executive,file_access_success,8,0,0,3,0,0,0,normal
jack,sales,Senior Sales Executive,login_success,9,0,0,3,0,0,0,normal
oscar,sales,Sales Executive,file_access_success,13,0,0,3,0,0,0,normal
erin,it,Identity and Access Administrator,file_access_success,13,0,0,3,0,0,0,normal
jack,sales,Senior Sales Executive,file_access_success,12,0,0,3,0,0,0,normal
poppy,sales,Sales Administrator,login_success,9,0,0,2,0,0,0,normal
ben,office_admin,Deputy Office Manager,login_success,9,0,0,1,0,0,0,normal
nina,office_admin,Site Administrator,file_access_success,9,0,0,1,0,0,0,normal
emma,finance,Accounts Payable Assistant,file_access_success,12,0,0,3,0,0,0,normal
freya,sales,Sales Executive,login_success,10,0,0,2,0,0,0,normal
poppy,sales,Sales Administrator,file_access_success,13,0,0,3,0,0,0,normal
lucy,it,Monitoring and Logging Analyst,file_access_success,13,0,0,2,0,0,0,normal
nina,office_admin,Site Administrator,file_access_success,15,0,0,3,0,0,0,normal
ethan,hr,HR Advisor,file_access_success,9,0,0,3,0,0,0,normal
nathan,it,Senior Systems Administrator,file_access_success,11,0,0,1,0,0,0,normal
harry,hr,People Operations Administrator,login_success,12,0,0,3,0,0,0,normal
jake,finance,Financial Analyst,login_success,14,0,0,2,0,0,0,normal
emma,finance,Accounts Payable Assistant,login_success,15,0,0,2,0,0,0,normal
grace,finance,Finance Manager,login_success,14,0,0,1,0,0,0,normal
archie,hr,HR Assistant,login_success,16,0,0,3,0,0,0,normal
victoria,office_admin,Office Manager,file_access_success,17,0,0,2,0,0,0,normal
sophie,finance,Payroll Administrator,file_access_success,15,0,0,3,0,0,0,normal
lucas,sales,Sales Manager,file_access_success,11,0,0,1,0,0,0,normal
noah,finance,Credit Controller,login_success,9,0,0,2,0,0,0,normal
grace,finance,Finance Manager,login_success,17,0,0,3,0,0,0,normal
adam,it,Senior IT Support Engineer,file_access_success,14,0,0,1,0,0,0,normal
victoria,office_admin,Office Manager,file_access_success,8,0,0,2,0,0,0,normal
harry,hr,People Operations Administrator,login_success,12,0,0,1,0,0,0,normal
zoe,it,Systems Administrator,file_access_success,16,0,0,1,0,0,0,normal
sarah,hr,HR Manager,file_access_success,11,0,0,3,0,0,0,normal
millie,sales,Account Executive,login_success,12,0,0,2,0,0,0,normal
noah,finance,Credit Controller,login_success,9,0,0,2,0,0,0,normal
oscar,sales,Sales Executive,login_success,9,0,0,3,0,0,0,normal
sam,it,Junior IT Support Technician,file_access_success,15,0,0,2,0,0,0,normal
millie,sales,Account Executive,file_access_success,15,0,0,3,0,0,0,normal
nathan,it,Senior Systems Administrator,login_success,10,0,0,3,0,0,0,normal
grace,finance,Finance Manager,login_success,13,0,0,3,0,0,0,normal
ruby,sales,Sales Executive,login_success,17,0,0,1,0,0,0,normal
mason,hr,Recruitment Coordinator,file_access_success,18,0,0,2,0,0,0,normal
lucy,it,Monitoring and Logging Analyst,file_access_success,9,0,0,3,0,0,0,normal
daisy,sales,Business Development Executive,file_access_success,15,0,0,1,0,0,0,normal
sophie,finance,Payroll Administrator,file_access_success,11,0,0,2,0,0,0,normal
amelia,hr,Senior HR Advisor,login_success,11,0,0,3,0,0,0,normal
amelia,hr,Senior HR Advisor,file_access_success,15,0,0,2,0,0,0,normal
oscar,sales,Sales Executive,file_access_success,16,0,0,2,0,0,0,normal
liam,finance,Finance Assistant,file_access_success,11,0,0,1,0,0,0,normal
owen,it,Endpoint Administrator,file_access_success,12,0,0,1,0,0,0,normal
charlie,sales,Sales Support Assistant,file_access_success,14,0,0,2,0,0,0,normal
liam,finance,Finance Assistant,login_success,12,0,0,3,0,0,0,normal
isla,hr,Recruitment Advisor,login_success,14,0,0,1,0,0,0,normal
millie,sales,Account Executive,file_access_success,9,0,0,3,0,0,0,normal
freya,sales,Sales Executive,login_success,17,0,0,1,0,0,0,normal
noah,finance,Credit Controller,login_success,9,0,0,2,0,0,0,normal
george,sales,Business Development Executive,login_success,14,0,0,3,0,0,0,normal
ethan,hr,HR Advisor,login_success,9,0,0,1,0,0,0,normal
harry,hr,People Operations Administrator,file_access_success,11,0,0,3,0,0,0,normal
sophie,finance,Payroll Administrator,login_success,14,0,0,2,0,0,0,normal
ben,office_admin,Deputy Office Manager,login_success,14,0,0,2,0,0,0,normal
daniel,finance,Senior Accountant,file_access_success,10,0,0,2,0,0,0,normal
leo,hr,Learning and Development Coordinator,file_access_success,9,0,0,2,0,0,0,normal
callum,it,IT Support Technician,login_success,14,0,0,2,0,0,0,normal
alfie,sales,Sales Executive,file_access_success,18,0,0,2,0,0,0,normal
poppy,sales,Sales Administrator,login_success,9,0,0,3,0,0,0,normal
grace,finance,Finance Manager,login_success,16,0,0,2,0,0,0,normal
alex,it,IT Manager,login_success,8,0,0,3,0,0,0,normal
grace,finance,Finance Manager,file_access_success,8,0,0,3,0,0,0,normal
victoria,office_admin,Office Manager,file_access_success,13,0,0,3,0,0,0,normal
lucy,it,Monitoring and Logging Analyst,login_success,13,0,0,1,0,0,0,normal
grace,finance,Finance Manager,file_access_success,14,0,0,3,0,0,0,normal
ryan,it,Network Administrator,login_success,15,0,0,2,0,0,0,normal
theo,sales,Junior Sales Executive,login_success,14,0,0,3,0,0,0,normal
nathan,it,Senior Systems Administrator,file_access_success,17,0,0,3,0,0,0,normal
millie,sales,Account Executive,file_access_success,13,0,0,1,0,0,0,normal
adam,it,Senior IT Support Engineer,file_access_success,8,0,0,2,0,0,0,normal
rosie,sales,Sales Support Coordinator,file_access_success,16,0,0,1,0,0,0,normal
freya,sales,Sales Executive,login_success,14,0,0,1,0,0,0,normal
ethan,hr,HR Advisor,file_access_success,12,0,0,2,0,0,0,normal
mia,hr,HR Administrator,login_success,9,0,0,2,0,0,0,normal
sarah,hr,HR Manager,file_access_success,14,0,0,1,0,0,0,normal
callum,it,IT Support Technician,login_success,11,0,0,3,0,0,0,normal
ella,sales,Senior Sales Executive,login_success,14,0,0,2,0,0,0,normal
ben,office_admin,Deputy Office Manager,file_access_success,13,0,0,1,0,0,0,normal
chloe,hr,HR Advisor,file_access_success,10,0,0,2,0,0,0,normal
zoe,it,Systems Administrator,file_access_success,16,0,0,3,0,0,0,normal
jack,sales,Senior Sales Executive,login_success,10,0,0,2,0,0,0,normal
lucy,it,Monitoring and Logging Analyst,file_access_success,17,0,0,2,0,0,0,normal
zoe,it,Systems Administrator,login_success,15,0,0,2,0,0,0,normal
alfie,sales,Sales Executive,login_success,14,0,0,3,0,0,0,normal
hannah,it,Security Administrator,login_success,8,0,0,2,0,0,0,normal
amelia,hr,Senior HR Advisor,file_access_success,11,0,0,1,0,0,0,normal
alfie,sales,Sales Executive,file_access_success,10,0,0,3,0,0,0,normal
jake,finance,Financial Analyst,file_access_success,12,0,0,2,0,0,0,normal
henry,sales,Account Executive,file_access_success,15,0,0,3,0,0,0,normal
liam,finance,Finance Assistant,login_success,17,0,0,1,0,0,0,normal
liam,finance,Finance Assistant,login_success,12,0,0,2,0,0,0,normal
ben,office_admin,Deputy Office Manager,file_access_success,8,0,0,1,0,0,0,normal
grace,finance,Finance Manager,file_access_success,12,0,0,1,0,0,0,normal
liam,finance,Finance Assistant,login_success,16,0,0,2,0,0,0,normal
erin,it,Identity and Access Administrator,file_access_success,11,0,0,1,0,0,0,normal
grace,finance,Finance Manager,file_access_success,12,0,0,1,0,0,0,normal
nathan,it,Senior Systems Administrator,file_access_success,13,0,0,2,0,0,0,normal
ella,sales,Senior Sales Executive,login_success,8,0,0,3,0,0,0,normal
owen,it,Endpoint Administrator,login_success,10,0,0,2,0,0,0,normal
sam,it,Junior IT Support Technician,file_access_success,12,0,0,2,0,0,0,normal
leo,hr,Learning and Development Coordinator,login_success,16,0,0,1,0,0,0,normal
ben,office_admin,Deputy Office Manager,login_success,14,0,0,2,0,0,0,normal
grace,finance,Finance Manager,file_access_success,18,0,0,3,0,0,0,normal
daisy,sales,Business Development Executive,file_access_success,12,0,0,1,0,0,0,normal
jake,finance,Financial Analyst,file_access_success,15,0,0,2,0,0,0,normal
liam,finance,Finance Assistant,login_success,11,0,0,3,0,0,0,normal
theo,sales,Junior Sales Executive,file_access_success,16,0,0,2,0,0,0,normal
victoria,office_admin,Office Manager,login_success,8,0,0,1,0,0,0,normal
sam,it,Junior IT Support Technician,login_success,9,0,0,2,0,0,0,normal
ryan,it,Network Administrator,file_access_success,10,0,0,1,0,0,0,normal
lily,hr,HR Assistant,login_success,15,0,0,1,0,0,0,normal
theo,sales,Junior Sales Executive,file_access_success,15,0,0,2,0,0,0,normal
jake,finance,Financial Analyst,login_success,11,0,0,2,0,0,0,normal
isla,hr,Recruitment Advisor,file_access_success,17,0,0,3,0,0,0,normal
jack,sales,Senior Sales Executive,file_access_success,15,0,0,1,0,0,0,normal
victoria,office_admin,Office Manager,login_success,13,0,0,3,0,0,0,normal
daniel,finance,Senior Accountant,file_access_success,13,0,0,1,0,0,0,normal
erin,it,Identity and Access Administrator,login_success,11,0,0,1,0,0,0,normal
charlie,sales,Sales Support Assistant,login_success,16,0,0,1,0,0,0,normal
theo,sales,Junior Sales Executive,login_success,12,0,0,2,0,0,0,normal
ryan,it,Network Administrator,login_success,16,0,0,3,0,0,0,normal
ryan,it,Network Administrator,file_access_success,10,0,0,2,0,0,0,normal
olivia,finance,Financial Reporting Accountant,login_success,17,0,0,2,0,0,0,normal
lucas,sales,Sales Manager,file_access_success,14,0,0,2,0,0,0,normal
charlie,sales,Sales Support Assistant,file_access_success,15,0,0,3,0,0,0,normal
sam,it,Junior IT Support Technician,login_success,16,0,0,3,0,0,0,normal
erin,it,Identity and Access Administrator,login_success,13,0,0,2,0,0,0,normal
nathan,it,Senior Systems Administrator,file_access_success,11,0,0,2,0,0,0,normal
ethan,hr,HR Advisor,file_access_success,12,0,0,1,0,0,0,normal
owen,it,Endpoint Administrator,file_access_success,15,0,0,2,0,0,0,normal
lucas,sales,Sales Manager,login_success,14,0,0,2,0,0,0,normal
nathan,it,Senior Systems Administrator,file_access_success,16,0,0,2,0,0,0,normal
ava,hr,Employee Relations Advisor,login_success,14,0,0,2,0,0,0,normal
george,sales,Business Development Executive,file_access_success,11,0,0,1,0,0,0,normal
henry,sales,Account Executive,login_success,8,0,0,2,0,0,0,normal
lucy,it,Monitoring and Logging Analyst,file_access_success,17,0,0,1,0,0,0,normal
leo,hr,Learning and Development Coordinator,login_success,14,0,0,3,0,0,0,normal
zoe,it,Systems Administrator,file_access_success,11,0,0,3,0,0,0,normal
isla,hr,Recruitment Advisor,login_success,9,0,0,1,0,0,0,normal
jack,sales,Senior Sales Executive,file_access_success,12,0,0,1,0,0,0,normal
hannah,it,Security Administrator,file_access_success,9,0,0,3,0,0,0,normal
isla,hr,Recruitment Advisor,file_access_success,16,0,0,1,0,0,0,normal
mia,hr,HR Administrator,file_access_success,16,0,0,3,0,0,0,normal
freya,sales,Sales Executive,file_access_success,11,0,0,3,0,0,0,normal
alfie,sales,Sales Executive,login_success,14,0,0,3,0,0,0,normal
emma,finance,Accounts Payable Assistant,file_access_success,17,0,0,2,0,0,0,normal
isla,hr,Recruitment Advisor,file_access_success,14,0,0,1,0,0,0,normal
oscar,sales,Sales Executive,file_access_success,17,0,0,3,0,0,0,normal
nina,office_admin,Site Administrator,file_access_success,11,0,0,3,0,0,0,normal
callum,it,IT Support Technician,file_access_success,17,0,0,2,0,0,0,normal
harry,hr,People Operations Administrator,file_access_success,9,0,0,2,0,0,0,normal
sam,it,Junior IT Support Technician,login_success,9,0,0,2,0,0,0,normal
charlie,sales,Sales Support Assistant,login_success,9,0,0,3,0,0,0,normal
daniel,finance,Senior Accountant,login_success,9,0,0,3,0,0,0,normal
charlie,sales,Sales Support Assistant,file_access_success,15,0,0,2,0,0,0,normal
archie,hr,HR Assistant,file_access_success,16,0,0,3,0,0,0,normal
jack,sales,Senior Sales Executive,login_success,14,0,0,3,0,0,0,normal
owen,it,Endpoint Administrator,file_access_success,8,0,0,2,0,0,0,normal
ava,hr,Employee Relations Advisor,login_success,12,0,0,3,0,0,0,normal
amelia,hr,Senior HR Advisor,file_access_success,8,0,0,1,0,0,0,normal
megan,it,IT Support Engineer,file_access_success,11,0,0,2,0,0,0,normal
rosie,sales,Sales Support Coordinator,file_access_success,17,0,0,2,0,0,0,normal
freya,sales,Sales Executive,login_success,15,0,0,2,0,0,0,normal
olivia,finance,Financial Reporting Accountant,login_success,17,0,0,2,0,0,0,normal
megan,it,IT Support Engineer,login_success,11,0,0,3,0,0,0,normal
nina,office_admin,Site Administrator,login_success,10,0,0,3,0,0,0,normal
mason,hr,Recruitment Coordinator,login_success,9,0,0,2,0,0,0,normal
hannah,it,Security Administrator,login_success,13,0,0,3,0,0,0,normal
zoe,it,Systems Administrator,file_access_success,12,0,0,1,0,0,0,normal
poppy,sales,Sales Administrator,login_success,16,0,0,1,0,0,0,normal
adam,it,Senior IT Support Engineer,login_success,15,0,0,3,0,0,0,normal
sarah,hr,HR Manager,file_access_success,8,0,0,2,0,0,0,normal
ethan,hr,HR Advisor,login_success,9,0,0,1,0,0,0,normal
nathan,it,Senior Systems Administrator,login_success,12,0,0,2,0,0,0,normal
poppy,sales,Sales Administrator,file_access_success,15,0,0,2,0,0,0,normal
amelia,hr,Senior HR Advisor,login_success,14,0,0,1,0,0,0,normal
megan,it,IT Support Engineer,file_access_success,9,0,0,1,0,0,0,normal
grace,finance,Finance Manager,login_success,15,0,0,2,0,0,0,normal
ben,office_admin,Deputy Office Manager,login_success,15,0,0,1,0,0,0,normal
daisy,sales,Business Development Executive,login_success,18,0,0,3,0,0,0,normal
jack,sales,Senior Sales Executive,login_success,14,0,0,2,0,0,0,normal
charlie,sales,Sales Support Assistant,login_success,14,0,0,1,0,0,0,normal
millie,sales,Account Executive,file_access_success,9,0,0,3,0,0,0,normal
isla,hr,Recruitment Advisor,file_access_success,11,0,0,3,0,0,0,normal
lily,hr,HR Assistant,file_access_success,13,0,0,3,0,0,0,normal
rosie,sales,Sales Support Coordinator,login_success,10,0,0,3,0,0,0,normal
sophie,finance,Payroll Administrator,login_success,13,0,0,3,0,0,0,normal
harry,hr,People Operations Administrator,file_access_success,9,0,0,3,0,0,0,normal
sam,it,Junior IT Support Technician,login_success,13,0,0,2,0,0,0,normal
harry,hr,People Operations Administrator,login_success,13,0,0,1,0,0,0,normal
poppy,sales,Sales Administrator,login_success,11,0,0,2,0,0,0,normal
sarah,hr,HR Manager,file_access_success,11,0,0,3,0,0,0,normal
jack,sales,Senior Sales Executive,login_success,12,0,0,1,0,0,0,normal
millie,sales,Account Executive,login_success,9,0,0,3,0,0,0,normal
erin,it,Identity and Access Administrator,login_success,11,0,0,2,0,0,0,normal
sam,it,Junior IT Support Technician,login_success,14,0,0,2,0,0,0,normal
henry,sales,Account Executive,login_success,15,0,0,2,0,0,0,normal
sophie,finance,Payroll Administrator,login_success,10,0,0,1,0,0,0,normal
megan,it,IT Support Engineer,login_success,15,0,0,3,0,0,0,normal
archie,hr,HR Assistant,file_access_success,15,0,0,3,0,0,0,normal
jack,sales,Senior Sales Executive,file_access_success,14,0,0,2,0,0,0,normal
adam,it,Senior IT Support Engineer,login_success,17,0,0,1,0,0,0,normal
megan,it,IT Support Engineer,login_success,16,0,0,1,0,0,0,normal
leo,hr,Learning and Development Coordinator,login_success,16,0,0,1,0,0,0,normal
erin,it,Identity and Access Administrator,file_access_success,10,0,0,2,0,0,0,normal
lily,hr,HR Assistant,login_success,15,0,0,1,0,0,0,normal
owen,it,Endpoint Administrator,file_access_success,13,0,0,2,0,0,0,normal
nathan,it,Senior Systems Administrator,login_success,8,0,0,3,0,0,0,normal
ben,office_admin,Deputy Office Manager,login_success,17,0,0,1,0,0,0,normal
jake,finance,Financial Analyst,login_success,14,0,0,3,0,0,0,normal
amelia,hr,Senior HR Advisor,file_access_success,8,0,0,2,0,0,0,normal
megan,it,IT Support Engineer,file_access_success,11,0,0,1,0,0,0,normal
chloe,hr,HR Advisor,file_access_success,13,0,0,2,0,0,0,normal
mason,hr,Recruitment Coordinator,file_access_success,16,0,0,1,0,0,0,normal
chloe,hr,HR Advisor,file_access_success,13,0,0,1,0,0,0,normal
sam,it,Junior IT Support Technician,file_access_success,11,0,0,1,0,0,0,normal
leo,hr,Learning and Development Coordinator,login_success,13,0,0,2,0,0,0,normal
alex,it,IT Manager,login_success,12,0,0,2,0,0,0,normal
harry,hr,People Operations Administrator,login_success,14,0,0,1,0,0,0,normal
liam,finance,Finance Assistant,login_success,12,0,0,3,0,0,0,normal
ethan,hr,HR Advisor,file_access_success,12,0,0,2,0,0,0,normal
adam,it,Senior IT Support Engineer,file_access_success,17,0,0,2,0,0,0,normal
ryan,it,Network Administrator,login_success,15,0,0,2,0,0,0,normal
ava,hr,Employee Relations Advisor,file_access_success,16,0,0,2,0,0,0,normal
amelia,hr,Senior HR Advisor,login_success,15,0,0,1,0,0,0,normal
owen,it,Endpoint Administrator,file_access_success,9,0,0,3,0,0,0,normal
nina,office_admin,Site Administrator,login_success,16,0,0,3,0,0,0,normal
olivia,finance,Financial Reporting Accountant,login_success,10,0,0,3,0,0,0,normal
theo,sales,Junior Sales Executive,login_success,16,0,0,3,0,0,0,normal
hannah,it,Security Administrator,file_access_success,15,0,0,2,0,0,0,normal
daisy,sales,Business Development Executive,file_access_success,18,0,0,1,0,0,0,normal
sarah,hr,HR Manager,login_success,13,0,0,1,0,0,0,normal
isla,hr,Recruitment Advisor,login_success,11,0,0,2,0,0,0,normal
rosie,sales,Sales Support Coordinator,file_access_success,15,0,0,3,0,0,0,normal
olivia,finance,Financial Reporting Accountant,file_access_success,12,0,0,1,0,0,0,normal
grace,finance,Finance Manager,file_access_success,10,0,0,3,0,0,0,normal
sam,it,Junior IT Support Technician,login_success,13,0,0,2,0,0,0,normal
jake,finance,Financial Analyst,login_success,8,0,0,1,0,0,0,normal
adam,it,Senior IT Support Engineer,login_success,13,0,0,3,0,0,0,normal
isla,hr,Recruitment Advisor,login_success,16,0,0,3,0,0,0,normal
sarah,hr,HR Manager,login_success,17,0,0,2,0,0,0,normal
nina,office_admin,Site Administrator,login_success,14,0,0,2,0,0,0,normal
ruby,sales,Sales Executive,login_success,10,0,0,3,0,0,0,normal
millie,sales,Account Executive,login_success,15,0,0,1,0,0,0,normal
amelia,hr,Senior HR Advisor,file_access_success,11,0,0,3,0,0,0,normal
olivia,finance,Financial Reporting Accountant,file_access_success,16,0,0,1,0,0,0,normal
lucas,sales,Sales Manager,login_success,9,0,0,2,0,0,0,normal
rosie,sales,Sales Support Coordinator,file_access_success,14,0,0,3,0,0,0,normal
henry,sales,Account Executive,file_access_success,12,0,0,3,0,0,0,normal
oscar,sales,Sales Executive,file_access_success,15,0,0,2,0,0,0,normal
isla,hr,Recruitment Advisor,file_access_success,16,0,0,3,0,0,0,normal
amelia,hr,Senior HR Advisor,login_success,9,0,0,3,0,0,0,normal
emma,finance,Accounts Payable Assistant,login_success,17,0,0,1,0,0,0,normal
ruby,sales,Sales Executive,file_access_success,12,0,0,1,0,0,0,normal
isla,hr,Recruitment Advisor,file_access_success,17,0,0,3,0,0,0,normal
emma,finance,Accounts Payable Assistant,login_success,17,0,0,3,0,0,0,normal
henry,sales,Account Executive,file_access_success,12,0,0,2,0,0,0,normal
rosie,sales,Sales Support Coordinator,file_access_success,12,0,0,3,0,0,0,normal
zoe,it,Systems Administrator,file_access_success,17,0,0,2,0,0,0,normal
freya,sales,Sales Executive,login_success,12,0,0,2,0,0,0,normal
sam,it,Junior IT Support Technician,file_access_success,14,0,0,2,0,0,0,normal
owen,it,Endpoint Administrator,login_success,11,0,0,3,0,0,0,normal
theo,sales,Junior Sales Executive,file_access_success,17,0,0,3,0,0,0,normal
theo,sales,Junior Sales Executive,login_success,16,0,0,3,0,0,0,normal
sam,it,Junior IT Support Technician,login_success,14,0,0,2,0,0,0,normal
olivia,finance,Financial Reporting Accountant,login_success,10,0,0,1,0,0,0,normal
nina,office_admin,Site Administrator,file_access_success,16,0,0,1,0,0,0,normal
erin,it,Identity and Access Administrator,login_success,10,0,0,3,0,0,0,normal
lucy,it,Monitoring and Logging Analyst,file_access_success,10,0,0,3,0,0,0,normal
charlie,sales,Sales Support Assistant,file_access_success,17,0,0,3,0,0,0,normal
mason,hr,Recruitment Coordinator,login_success,17,0,0,2,0,0,0,normal
ethan,hr,HR Advisor,login_success,10,0,0,1,0,0,0,normal
daniel,finance,Senior Accountant,file_access_success,8,0,0,1,0,0,0,normal
mason,hr,Recruitment Coordinator,file_access_success,16,0,0,2,0,0,0,normal
harry,hr,People Operations Administrator,file_access_success,9,0,0,1,0,0,0,normal
nina,office_admin,Site Administrator,login_success,15,0,0,2,0,0,0,normal
grace,finance,Finance Manager,file_access_success,13,0,0,2,0,0,0,normal
mia,hr,HR Administrator,login_success,17,0,0,3,0,0,0,normal
olivia,finance,Financial Reporting Accountant,file_access_success,15,0,0,2,0,0,0,normal
lucas,sales,Sales Manager,file_access_success,16,0,0,2,0,0,0,normal
mason,hr,Recruitment Coordinator,login_success,11,0,0,1,0,0,0,normal
ava,hr,Employee Relations Advisor,login_success,17,0,0,2,0,0,0,normal
archie,hr,HR Assistant,login_success,14,0,0,3,0,0,0,normal
zoe,it,Systems Administrator,file_access_success,10,0,0,3,0,0,0,normal
zoe,it,Systems Administrator,login_success,12,0,0,1,0,0,0,normal
ethan,hr,HR Advisor,file_access_success,13,0,0,3,0,0,0,normal
sophie,finance,Payroll Administrator,file_access_success,17,0,0,2,0,0,0,normal
daniel,finance,Senior Accountant,login_success,10,0,0,2,0,0,0,normal
millie,sales,Account Executive,login_success,14,0,0,1,0,0,0,normal
harry,hr,People Operations Administrator,login_success,11,0,0,3,0,0,0,normal
adam,it,Senior IT Support Engineer,login_success,8,0,0,2,0,0,0,normal
lily,hr,HR Assistant,file_access_success,11,0,0,3,0,0,0,normal
mason,hr,Recruitment Coordinator,file_access_success,9,0,0,3,0,0,0,normal
ethan,hr,HR Advisor,login_success,10,0,0,3,0,0,0,normal
leo,hr,Learning and Development Coordinator,file_access_success,15,0,0,3,0,0,0,normal
amelia,hr,Senior HR Advisor,login_success,8,0,0,2,0,0,0,normal
millie,sales,Account Executive,login_success,15,0,0,2,0,0,0,normal
ethan,hr,HR Advisor,login_success,12,0,0,3,0,0,0,normal
erin,it,Identity and Access Administrator,file_access_success,16,0,0,3,0,0,0,normal
daisy,sales,Business Development Executive,login_success,10,0,0,2,0,0,0,normal
hannah,it,Security Administrator,file_access_success,8,0,0,1,0,0,0,normal
noah,finance,Credit Controller,login_success,13,0,0,2,0,0,0,normal
theo,sales,Junior Sales Executive,login_success,17,0,0,1,0,0,0,normal
charlie,sales,Sales Support Assistant,login_success,16,0,0,1,0,0,0,normal
emma,finance,Accounts Payable Assistant,file_access_success,12,0,0,2,0,0,0,normal
victoria,office_admin,Office Manager,login_success,15,0,0,3,0,0,0,normal
nathan,it,Senior Systems Administrator,file_access_success,12,0,0,1,0,0,0,normal
oscar,sales,Sales Executive,login_success,12,0,0,1,0,0,0,normal
freya,sales,Sales Executive,file_access_success,14,0,0,1,0,0,0,normal
archie,hr,HR Assistant,file_access_success,9,0,0,3,0,0,0,normal
ella,sales,Senior Sales Executive,login_success,16,0,0,3,0,0,0,normal
grace,finance,Finance Manager,file_access_success,8,0,0,3,0,0,0,normal
ella,sales,Senior Sales Executive,login_success,10,0,0,3,0,0,0,normal
hannah,it,Security Administrator,file_access_success,13,0,0,1,0,0,0,normal
isla,hr,Recruitment Advisor,file_access_success,9,0,0,3,0,0,0,normal
leo,hr,Learning and Development Coordinator,file_access_success,13,0,0,1,0,0,0,normal
sarah,hr,HR Manager,login_success,15,0,0,3,0,0,0,normal
chloe,hr,HR Advisor,file_access_success,12,0,0,1,0,0,0,normal
george,sales,Business Development Executive,file_access_success,12,0,0,2,0,0,0,normal
poppy,sales,Sales Administrator,file_access_success,16,0,0,3,0,0,0,normal
jake,finance,Financial Analyst,file_access_success,8,0,0,3,0,0,0,normal
noah,finance,Credit Controller,login_success,16,0,0,2,0,0,0,normal
grace,finance,Finance Manager,login_success,10,0,0,3,0,0,0,normal
victoria,office_admin,Office Manager,file_access_success,14,0,0,1,0,0,0,normal
george,sales,Business Development Executive,login_success,14,0,0,1,0,0,0,normal
hannah,it,Security Administrator,file_access_success,15,0,0,2,0,0,0,normal
erin,it,Identity and Access Administrator,file_access_success,16,0,0,2,0,0,0,normal
rosie,sales,Sales Support Coordinator,login_success,14,0,0,3,0,0,0,normal
jake,finance,Financial Analyst,file_access_success,8,0,0,1,0,0,0,normal
daisy,sales,Business Development Executive,login_success,13,0,0,1,0,0,0,normal
ella,sales,Senior Sales Executive,file_access_success,14,0,0,2,0,0,0,normal
grace,finance,Finance Manager,login_success,15,0,0,3,0,0,0,normal
jack,sales,Senior Sales Executive,login_success,18,0,0,2,0,0,0,normal
jake,finance,Financial Analyst,file_access_success,15,0,0,3,0,0,0,normal
adam,it,Senior IT Support Engineer,file_access_success,8,0,0,2,0,0,0,normal
owen,it,Endpoint Administrator,login_success,16,0,0,1,0,0,0,normal
sophie,finance,Payroll Administrator,login_success,17,0,0,2,0,0,0,normal
olivia,finance,Financial Reporting Accountant,file_access_success,9,0,0,3,0,0,0,normal
rosie,sales,Sales Support Coordinator,file_access_success,10,0,0,1,0,0,0,normal
freya,sales,Sales Executive,login_success,12,0,0,1,0,0,0,normal
jake,finance,Financial Analyst,login_success,10,0,0,3,0,0,0,normal
adam,it,Senior IT Support Engineer,login_success,13,0,0,3,0,0,0,normal
emma,finance,Accounts Payable Assistant,login_success,16,0,0,3,0,0,0,normal
megan,it,IT Support Engineer,file_access_success,16,0,0,2,0,0,0,normal
lucy,it,Monitoring and Logging Analyst,login_success,10,0,0,1,0,0,0,normal
alfie,sales,Sales Executive,login_success,9,0,0,1,0,0,0,normal
charlie,sales,Sales Support Assistant,login_success,10,0,0,2,0,0,0,normal
sam,it,Junior IT Support Technician,login_success,10,0,0,1,0,0,0,normal
noah,finance,Credit Controller,file_access_success,11,0,0,3,0,0,0,normal
megan,it,IT Support Engineer,login_success,11,0,0,1,0,0,0,normal
isla,hr,Recruitment Advisor,login_success,15,0,0,2,0,0,0,normal
nina,office_admin,Site Administrator,login_success,12,0,0,1,0,0,0,normal
rosie,sales,Sales Support Coordinator,login_success,14,0,0,1,0,0,0,normal
nathan,it,Senior Systems Administrator,file_access_success,8,0,0,3,0,0,0,normal
sam,it,Junior IT Support Technician,login_success,12,0,0,2,0,0,0,normal
alex,it,IT Manager,login_success,15,0,0,3,0,0,0,normal
ruby,sales,Sales Executive,file_access_success,15,0,0,2,0,0,0,normal
millie,sales,Account Executive,file_access_success,16,0,0,1,0,0,0,normal
ruby,sales,Sales Executive,login_success,16,0,0,3,0,0,0,normal
liam,finance,Finance Assistant,login_success,16,0,0,1,0,0,0,normal
lucy,it,Monitoring and Logging Analyst,file_access_success,12,0,0,1,0,0,0,normal
megan,it,IT Support Engineer,file_access_success,9,0,0,2,0,0,0,normal
henry,sales,Account Executive,file_access_success,14,0,0,2,0,0,0,normal
lucy,it,Monitoring and Logging Analyst,file_access_success,16,0,0,2,0,0,0,normal
archie,hr,HR Assistant,file_access_success,12,0,0,2,0,0,0,normal
daisy,sales,Business Development Executive,login_success,9,0,0,1,0,0,0,normal
jack,sales,Senior Sales Executive,login_success,17,0,0,2,0,0,0,normal
grace,finance,Finance Manager,login_success,9,0,0,3,0,0,0,normal
owen,it,Endpoint Administrator,login_success,10,0,0,1,0,0,0,normal
lucas,sales,Sales Manager,login_success,11,0,0,2,0,0,0,normal
emma,finance,Accounts Payable Assistant,login_success,13,0,0,3,0,0,0,normal
leo,hr,Learning and Development Coordinator,file_access_success,9,0,0,2,0,0,0,normal
noah,finance,Credit Controller,file_access_success,16,0,0,3,0,0,0,normal
callum,it,IT Support Technician,login_success,15,0,0,1,0,0,0,normal
alex,it,IT Manager,login_success,16,0,0,1,0,0,0,normal
archie,hr,HR Assistant,login_success,10,0,0,1,0,0,0,normal
freya,sales,Sales Executive,file_access_success,13,0,0,1,0,0,0,normal
ava,hr,Employee Relations Advisor,file_access_success,11,0,0,1,0,0,0,normal
ruby,sales,Sales Executive,login_success,17,0,0,3,0,0,0,normal
sam,it,Junior IT Support Technician,file_access_success,16,0,0,3,0,0,0,normal
ava,hr,Employee Relations Advisor,file_access_success,13,0,0,3,0,0,0,normal
ruby,sales,Sales Executive,login_success,9,0,0,3,0,0,0,normal
alex,it,IT Manager,login_success,13,0,0,2,0,0,0,normal
jack,sales,Senior Sales Executive,file_access_success,12,0,0,3,0,0,0,normal
rosie,sales,Sales Support Coordinator,file_access_success,16,0,0,3,0,0,0,normal
jack,sales,Senior Sales Executive,login_success,15,0,0,1,0,0,0,normal
zoe,it,Systems Administrator,file_access_success,14,0,0,2,0,0,0,normal
ethan,hr,HR Advisor,file_access_success,15,0,0,3,0,0,0,normal
henry,sales,Account Executive,file_access_success,16,0,0,1,0,0,0,normal
sophie,finance,Payroll Administrator,file_access_success,15,0,0,2,0,0,0,normal
lucas,sales,Sales Manager,file_access_success,16,0,0,3,0,0,0,normal
ella,sales,Senior Sales Executive,file_access_success,14,0,0,3,0,0,0,normal
daisy,sales,Business Development Executive,login_success,11,0,0,1,0,0,0,normal
megan,it,IT Support Engineer,login_success,13,0,0,3,0,0,0,normal
alex,it,IT Manager,login_success,8,0,0,3,0,0,0,normal
emma,finance,Accounts Payable Assistant,file_access_success,9,0,0,2,0,0,0,normal
megan,it,IT Support Engineer,login_success,18,0,0,3,0,0,0,normal
mason,hr,Recruitment Coordinator,login_success,14,0,0,2,0,0,0,normal
erin,it,Identity and Access Administrator,login_success,12,0,0,2,0,0,0,normal
freya,sales,Sales Executive,file_access_success,9,0,0,3,0,0,0,normal
millie,sales,Account Executive,file_access_success,10,0,0,2,0,0,0,normal
george,sales,Business Development Executive,file_access_success,13,0,0,1,0,0,0,normal
mason,hr,Recruitment Coordinator,login_success,9,0,0,2,0,0,0,normal
lucas,sales,Sales Manager,file_access_success,14,0,0,3,0,0,0,normal
freya,sales,Sales Executive,login_success,9,0,0,1,0,0,0,normal
rosie,sales,Sales Support Coordinator,file_access_success,11,0,0,2,0,0,0,normal
erin,it,Identity and Access Administrator,login_success,15,0,0,2,0,0,0,normal
george,sales,Business Development Executive,file_access_success,18,0,0,2,0,0,0,normal
isla,hr,Recruitment Advisor,file_access_success,10,0,0,3,0,0,0,normal
sophie,finance,Payroll Administrator,file_access_success,15,0,0,2,0,0,0,normal
chloe,hr,HR Advisor,file_access_success,15,0,0,2,0,0,0,normal
ryan,it,Network Administrator,file_access_success,9,0,0,1,0,0,0,normal
alex,it,IT Manager,file_access_success,8,0,0,1,0,0,0,normal
hannah,it,Security Administrator,file_access_success,10,0,0,3,0,0,0,normal
jake,finance,Financial Analyst,file_access_success,12,0,0,3,0,0,0,normal
amelia,hr,Senior HR Advisor,file_access_success,14,0,0,3,0,0,0,normal
noah,finance,Credit Controller,file_access_success,10,0,0,1,0,0,0,normal
noah,finance,Credit Controller,login_success,8,0,0,1,0,0,0,normal
ruby,sales,Sales Executive,file_access_success,11,0,0,1,0,0,0,normal
sarah,hr,HR Manager,login_success,9,0,0,2,0,0,0,normal
chloe,hr,HR Advisor,login_success,16,0,0,2,0,0,0,normal
ella,sales,Senior Sales Executive,file_access_success,9,0,0,3,0,0,0,normal
sophie,finance,Payroll Administrator,login_success,13,0,0,1,0,0,0,normal
erin,it,Identity and Access Administrator,file_access_success,13,0,0,2,0,0,0,normal
sam,it,Junior IT Support Technician,login_success,16,0,0,3,0,0,0,normal
erin,it,Identity and Access Administrator,login_success,15,0,0,3,0,0,0,normal
sarah,hr,HR Manager,login_success,8,0,0,2,0,0,0,normal
jack,sales,Senior Sales Executive,file_access_success,11,0,0,2,0,0,0,normal
amelia,hr,Senior HR Advisor,login_success,13,0,0,1,0,0,0,normal
oscar,sales,Sales Executive,login_success,11,0,0,2,0,0,0,normal
grace,finance,Finance Manager,file_access_success,9,0,0,3,0,0,0,normal
oscar,sales,Sales Executive,login_success,10,0,0,2,0,0,0,normal
jack,sales,Senior Sales Executive,login_success,9,0,0,2,0,0,0,normal
mason,hr,Recruitment Coordinator,login_success,10,0,0,3,0,0,0,normal
archie,hr,HR Assistant,file_access_success,17,0,0,3,0,0,0,normal
sarah,hr,HR Manager,login_success,15,0,0,3,0,0,0,normal
isla,hr,Recruitment Advisor,login_success,16,0,0,1,0,0,0,normal
rosie,sales,Sales Support Coordinator,login_success,11,0,0,2,0,0,0,normal
hannah,it,Security Administrator,file_access_success,15,0,0,2,0,0,0,normal
sam,it,Junior IT Support Technician,file_access_success,12,0,0,2,0,0,0,normal
chloe,hr,HR Advisor,login_success,9,0,0,1,0,0,0,normal
zoe,it,Systems Administrator,file_access_success,14,0,0,2,0,0,0,normal
theo,sales,Junior Sales Executive,login_success,10,0,0,1,0,0,0,normal
emma,finance,Accounts Payable Assistant,file_access_success,12,0,0,2,0,0,0,normal
oscar,sales,Sales Executive,file_access_success,13,0,0,2,0,0,0,normal
emma,finance,Accounts Payable Assistant,file_access_success,17,0,0,1,0,0,0,normal
sarah,hr,HR Manager,login_success,15,0,0,2,0,0,0,normal
daisy,sales,Business Development Executive,login_success,12,0,0,3,0,0,0,normal
theo,sales,Junior Sales Executive,file_access_success,17,0,0,3,0,0,0,normal
jack,sales,Senior Sales Executive,login_success,15,0,0,3,0,0,0,normal
sam,it,Junior IT Support Technician,login_success,14,0,0,2,0,0,0,normal
jack,sales,Senior Sales Executive,login_success,14,0,0,2,0,0,0,normal
sam,it,Junior IT Support Technician,login_success,12,0,0,3,0,0,0,normal
jack,sales,Senior Sales Executive,login_success,12,0,0,1,0,0,0,normal
leo,hr,Learning and Development Coordinator,login_success,11,0,0,2,0,0,0,normal
ethan,hr,HR Advisor,file_access_success,16,0,0,2,0,0,0,normal
emma,finance,Accounts Payable Assistant,login_success,12,0,0,1,0,0,0,normal
daisy,sales,Business Development Executive,login_success,12,0,0,1,0,0,0,normal
charlie,sales,Sales Support Assistant,login_success,15,0,0,1,0,0,0,normal
sophie,finance,Payroll Administrator,login_success,11,0,0,1,0,0,0,normal
sarah,hr,HR Manager,file_access_success,10,0,0,2,0,0,0,normal
adam,it,Senior IT Support Engineer,login_success,16,0,0,1,0,0,0,normal
theo,sales,Junior Sales Executive,login_success,10,0,0,3,0,0,0,normal
freya,sales,Sales Executive,file_access_success,14,0,0,3,0,0,0,normal
nina,office_admin,Site Administrator,file_access_success,12,0,0,3,0,0,0,normal
owen,it,Endpoint Administrator,login_success,10,0,0,1,0,0,0,normal
megan,it,IT Support Engineer,file_access_success,13,0,0,3,0,0,0,normal
chloe,hr,HR Advisor,login_success,17,0,0,3,0,0,0,normal
isla,hr,Recruitment Advisor,login_success,9,0,0,3,0,0,0,normal
ben,office_admin,Deputy Office Manager,login_success,17,0,0,2,0,0,0,normal
lucas,sales,Sales Manager,login_success,9,0,0,3,0,0,0,normal
zoe,it,Systems Administrator,file_access_success,9,0,0,1,0,0,0,normal
nina,office_admin,Site Administrator,login_success,9,0,0,3,0,0,0,normal
sarah,hr,HR Manager,file_access_success,14,0,0,1,0,0,0,normal
archie,hr,HR Assistant,file_access_success,16,0,0,2,0,0,0,normal
jack,sales,Senior Sales Executive,file_access_success,15,0,0,3,0,0,0,normal
george,sales,Business Development Executive,login_success,16,0,0,1,0,0,0,normal
callum,it,IT Support Technician,login_success,14,0,0,1,0,0,0,normal
mason,hr,Recruitment Coordinator,login_success,14,0,0,3,0,0,0,normal
alfie,sales,Sales Executive,login_success,18,0,0,2,0,0,0,normal
chloe,hr,HR Advisor,login_success,9,0,0,2,0,0,0,normal
daniel,finance,Senior Accountant,login_success,9,0,0,1,0,0,0,normal
alfie,sales,Sales Executive,file_access_success,11,0,0,2,0,0,0,normal
adam,it,Senior IT Support Engineer,file_access_success,15,0,0,1,0,0,0,normal
lily,hr,HR Assistant,file_access_success,14,0,0,1,0,0,0,normal
ryan,it,Network Administrator,file_access_success,13,0,0,3,0,0,0,normal
nathan,it,Senior Systems Administrator,login_success,8,0,0,3,0,0,0,normal
millie,sales,Account Executive,file_access_success,17,0,0,1,0,0,0,normal
victoria,office_admin,Office Manager,file_access_success,10,0,0,2,0,0,0,normal
rosie,sales,Sales Support Coordinator,file_access_success,12,0,0,1,0,0,0,normal
nina,office_admin,Site Administrator,file_access_success,16,0,0,3,0,0,0,normal
daisy,sales,Business Development Executive,file_access_success,11,0,0,3,0,0,0,normal
lucy,it,Monitoring and Logging Analyst,login_success,15,0,0,2,0,0,0,normal
lucy,it,Monitoring and Logging Analyst,file_access_success,13,0,0,2,0,0,0,normal
daniel,finance,Senior Accountant,file_access_success,10,0,0,1,0,0,0,normal
sophie,finance,Payroll Administrator,login_success,12,0,0,1,0,0,0,normal
callum,it,IT Support Technician,file_access_success,15,0,0,3,0,0,0,normal
jake,finance,Financial Analyst,file_access_success,17,0,0,1,0,0,0,normal
erin,it,Identity and Access Administrator,login_success,16,0,0,2,0,0,0,normal
archie,hr,HR Assistant,login_success,12,0,0,1,0,0,0,normal
isla,hr,Recruitment Advisor,file_access_success,14,0,0,2,0,0,0,normal
jake,finance,Financial Analyst,file_access_success,12,0,0,1,0,0,0,normal
millie,sales,Account Executive,login_success,14,0,0,3,0,0,0,normal
adam,it,Senior IT Support Engineer,file_access_success,15,0,0,2,0,0,0,normal
zoe,it,Systems Administrator,file_access_success,17,0,0,1,0,0,0,normal
erin,it,Identity and Access Administrator,file_access_success,11,0,0,3,0,0,0,normal
jack,sales,Senior Sales Executive,login_success,13,0,0,3,0,0,0,normal
adam,it,Senior IT Support Engineer,login_success,14,0,0,2,0,0,0,normal
alex,it,IT Manager,login_success,18,0,0,1,0,0,0,normal
jack,sales,Senior Sales Executive,file_access_success,15,0,0,3,0,0,0,normal
ethan,hr,HR Advisor,file_access_success,14,0,0,2,0,0,0,normal
owen,it,Endpoint Administrator,file_access_success,13,0,0,1,0,0,0,normal
harry,hr,People Operations Administrator,login_success,13,0,0,1,0,0,0,normal
olivia,finance,Financial Reporting Accountant,file_access_success,14,0,0,3,0,0,0,normal
jack,sales,Senior Sales Executive,file_access_success,12,0,0,1,0,0,0,normal
mason,hr,Recruitment Coordinator,file_access_success,9,0,0,2,0,0,0,normal
alfie,sales,Sales Executive,login_success,14,0,0,2,0,0,0,normal
lily,hr,HR Assistant,file_access_success,9,0,0,2,0,0,0,normal
adam,it,Senior IT Support Engineer,file_access_success,15,0,0,1,0,0,0,normal
rosie,sales,Sales Support Coordinator,login_success,14,0,0,2,0,0,0,normal
noah,finance,Credit Controller,login_success,14,0,0,2,0,0,0,normal
oscar,sales,Sales Executive,file_access_success,17,0,0,1,0,0,0,normal
adam,it,Senior IT Support Engineer,file_access_success,12,0,0,3,0,0,0,normal
oscar,sales,Sales Executive,file_access_success,13,0,0,2,0,0,0,normal
jake,finance,Financial Analyst,login_success,12,0,0,3,0,0,0,normal
callum,it,IT Support Technician,file_access_success,14,0,0,1,0,0,0,normal
daniel,finance,Senior Accountant,login_success,9,0,0,2,0,0,0,normal
sarah,hr,HR Manager,login_success,16,0,0,1,0,0,0,normal
millie,sales,Account Executive,login_success,16,0,0,2,0,0,0,normal
leo,hr,Learning and Development Coordinator,file_access_success,9,0,0,3,0,0,0,normal
ryan,it,Network Administrator,login_success,15,0,0,1,0,0,0,normal
isla,hr,Recruitment Advisor,file_access_success,8,0,0,2,0,0,0,normal
theo,sales,Junior Sales Executive,file_access_success,17,0,0,3,0,0,0,normal
lily,hr,HR Assistant,login_success,14,0,0,2,0,0,0,normal
owen,it,Endpoint Administrator,login_success,11,0,0,2,0,0,0,normal
freya,sales,Sales Executive,file_access_success,11,0,0,2,0,0,0,normal
daisy,sales,Business Development Executive,login_success,16,0,0,1,0,0,0,normal
archie,hr,HR Assistant,file_access_success,10,0,0,2,0,0,0,normal
ava,hr,Employee Relations Advisor,file_access_success,13,0,0,1,0,0,0,normal
freya,sales,Sales Executive,file_access_success,12,0,0,1,0,0,0,normal
grace,finance,Finance Manager,login_success,17,0,0,2,0,0,0,normal
poppy,sales,Sales Administrator,file_access_success,14,0,0,2,0,0,0,normal
noah,finance,Credit Controller,login_success,14,0,0,1,0,0,0,normal
emma,finance,Accounts Payable Assistant,login_success,15,0,0,2,0,0,0,normal
sarah,hr,HR Manager,file_access_success,9,0,0,1,0,0,0,normal
ethan,hr,HR Advisor,login_success,11,0,0,3,0,0,0,normal
victoria,office_admin,Office Manager,login_success,14,0,0,3,0,0,0,normal
daniel,finance,Senior Accountant,login_success,8,0,0,1,0,0,0,normal
nathan,it,Senior Systems Administrator,file_access_success,13,0,0,2,0,0,0,normal
ruby,sales,Sales Executive,file_access_success,16,0,0,1,0,0,0,normal
mia,hr,HR Administrator,login_success,15,0,0,1,0,0,0,normal
megan,it,IT Support Engineer,login_success,12,0,0,1,0,0,0,normal
ella,sales,Senior Sales Executive,login_success,17,0,0,1,0,0,0,normal
liam,finance,Finance Assistant,login_success,10,0,0,1,0,0,0,normal
charlie,sales,Sales Support Assistant,login_success,15,0,0,1,0,0,0,normal
amelia,hr,Senior HR Advisor,login_success,11,0,0,2,0,0,0,normal
mason,hr,Recruitment Coordinator,login_success,15,0,0,2,0,0,0,normal
megan,it,IT Support Engineer,file_access_success,11,0,0,3,0,0,0,normal
olivia,finance,Financial Reporting Accountant,login_success,10,0,0,2,0,0,0,normal
ruby,sales,Sales Executive,login_success,10,0,0,1,0,0,0,normal
nina,office_admin,Site Administrator,file_access_success,13,0,0,3,0,0,0,normal
ava,hr,Employee Relations Advisor,file_access_success,13,0,0,2,0,0,0,normal
jake,finance,Financial Analyst,file_access_success,11,0,0,1,0,0,0,normal
ella,sales,Senior Sales Executive,login_success,17,0,0,3,0,0,0,normal
george,sales,Business Development Executive,login_success,9,0,0,3,0,0,0,normal
alex,it,IT Manager,login_success,8,0,0,1,0,0,0,normal
theo,sales,Junior Sales Executive,login_success,13,0,0,2,0,0,0,normal
poppy,sales,Sales Administrator,login_success,11,0,0,2,0,0,0,normal
lily,hr,HR Assistant,login_success,12,0,0,1,0,0,0,normal
henry,sales,Account Executive,login_success,16,0,0,3,0,0,0,normal
ruby,sales,Sales Executive,login_success,13,0,0,3,0,0,0,normal
lily,hr,HR Assistant,login_success,10,0,0,2,0,0,0,normal
alex,it,IT Manager,file_access_success,9,0,0,3,0,0,0,normal
jake,finance,Financial Analyst,file_access_success,9,0,0,1,0,0,0,normal
poppy,sales,Sales Administrator,login_success,9,0,0,2,0,0,0,normal
zoe,it,Systems Administrator,file_access_success,10,0,0,2,0,0,0,normal
freya,sales,Sales Executive,file_access_success,9,0,0,1,0,0,0,normal
nina,office_admin,Site Administrator,login_success,14,0,0,1,0,0,0,normal
alex,it,IT Manager,file_access_success,18,0,0,1,0,0,0,normal
adam,it,Senior IT Support Engineer,file_access_success,17,0,0,1,0,0,0,normal
nina,office_admin,Site Administrator,file_access_success,13,0,0,3,0,0,0,normal
hannah,it,Security Administrator,login_success,13,0,0,1,0,0,0,normal
victoria,office_admin,Office Manager,file_access_success,15,0,0,3,0,0,0,normal
rosie,sales,Sales Support Coordinator,login_success,12,0,0,2,0,0,0,normal
alex,it,IT Manager,file_access_success,12,0,0,3,0,0,0,normal
grace,finance,Finance Manager,login_success,11,0,0,1,0,0,0,normal
theo,sales,Junior Sales Executive,file_access_success,16,0,0,2,0,0,0,normal
archie,hr,HR Assistant,file_access_success,17,0,0,2,0,0,0,normal
ben,office_admin,Deputy Office Manager,file_access_success,8,0,0,2,0,0,0,normal
mia,hr,HR Administrator,file_access_success,17,0,0,2,0,0,0,normal
ben,office_admin,Deputy Office Manager,login_success,14,0,0,1,0,0,0,normal
ruby,sales,Sales Executive,login_success,18,0,0,2,0,0,0,normal
emma,finance,Accounts Payable Assistant,login_success,10,0,0,3,0,0,0,normal
liam,finance,Finance Assistant,file_access_success,9,0,0,1,0,0,0,normal
ethan,hr,HR Advisor,login_success,13,0,0,3,0,0,0,normal
lucas,sales,Sales Manager,file_access_success,14,0,0,2,0,0,0,normal
jake,finance,Financial Analyst,login_success,16,0,0,1,0,0,0,normal
hannah,it,Security Administrator,file_access_denied,8,2,1,1,0,1,0,human_error
noah,finance,Credit Controller,file_access_denied,13,1,1,1,0,1,0,human_error
lily,hr,HR Assistant,login_failure,11,2,0,2,0,1,0,human_error
ryan,it,Network Administrator,file_access_denied,14,1,1,2,0,1,0,human_error
ruby,sales,Sales Executive,password_reset,13,2,1,2,0,0,0,human_error
millie,sales,Account Executive,file_access_denied,14,1,1,1,0,1,0,human_error
lily,hr,HR Assistant,file_access_denied,14,1,1,3,0,1,0,human_error
mia,hr,HR Administrator,password_reset,13,2,1,2,0,0,0,human_error
erin,it,Identity and Access Administrator,file_access_denied,10,1,0,1,0,0,0,human_error
emma,finance,Accounts Payable Assistant,login_failure,14,1,1,1,0,0,0,human_error
leo,hr,Learning and Development Coordinator,file_access_denied,16,1,1,1,0,1,0,human_error
liam,finance,Finance Assistant,login_failure,11,1,0,1,0,1,0,human_error
leo,hr,Learning and Development Coordinator,password_reset,15,1,0,3,0,1,0,human_error
noah,finance,Credit Controller,password_reset,16,1,0,3,0,1,0,human_error
zoe,it,Systems Administrator,password_reset,9,1,0,1,0,1,0,human_error
grace,finance,Finance Manager,file_access_denied,9,1,0,2,0,0,0,human_error
theo,sales,Junior Sales Executive,password_reset,16,2,0,3,0,1,0,human_error
owen,it,Endpoint Administrator,password_reset,9,2,1,2,0,1,0,human_error
noah,finance,Credit Controller,login_failure,8,2,1,2,0,1,0,human_error
isla,hr,Recruitment Advisor,file_access_denied,15,2,0,1,0,0,0,human_error
oscar,sales,Sales Executive,login_failure,13,1,1,1,0,1,0,human_error
olivia,finance,Financial Reporting Accountant,file_access_denied,9,2,0,2,0,0,0,human_error
ella,sales,Senior Sales Executive,password_reset,14,1,1,1,0,1,0,human_error
alfie,sales,Sales Executive,file_access_denied,18,1,0,1,0,1,0,human_error
oscar,sales,Sales Executive,login_failure,16,2,0,2,0,1,0,human_error
nina,office_admin,Site Administrator,login_failure,14,2,1,3,0,1,0,human_error
alfie,sales,Sales Executive,login_failure,16,1,1,1,0,1,0,human_error
daniel,finance,Senior Accountant,login_failure,8,2,1,1,0,0,0,human_error
nathan,it,Senior Systems Administrator,login_failure,14,2,0,1,0,0,0,human_error
mason,hr,Recruitment Coordinator,login_failure,17,2,0,2,0,0,0,human_error
chloe,hr,HR Advisor,file_access_denied,10,1,0,2,0,0,0,human_error
alex,it,IT Manager,file_access_denied,14,2,1,2,0,1,0,human_error
lily,hr,HR Assistant,login_failure,10,1,1,2,0,0,0,human_error
poppy,sales,Sales Administrator,password_reset,17,2,1,3,0,0,0,human_error
ryan,it,Network Administrator,file_access_denied,13,1,1,1,0,1,0,human_error
ava,hr,Employee Relations Advisor,file_access_denied,11,2,1,3,0,0,0,human_error
ryan,it,Network Administrator,file_access_denied,9,1,1,3,0,0,0,human_error
archie,hr,HR Assistant,file_access_denied,11,2,1,3,0,0,0,human_error
nina,office_admin,Site Administrator,login_failure,10,1,0,1,0,0,0,human_error
millie,sales,Account Executive,file_access_denied,14,2,1,2,0,1,0,human_error
grace,finance,Finance Manager,file_access_denied,16,2,0,1,0,1,0,human_error
hannah,it,Security Administrator,password_reset,8,2,0,1,0,1,0,human_error
lily,hr,HR Assistant,file_access_denied,13,1,1,1,0,0,0,human_error
ava,hr,Employee Relations Advisor,login_failure,10,1,0,2,0,1,0,human_error
adam,it,Senior IT Support Engineer,file_access_denied,10,1,0,3,0,1,0,human_error
lily,hr,HR Assistant,file_access_denied,16,2,1,1,0,1,0,human_error
chloe,hr,HR Advisor,password_reset,11,2,1,1,0,0,0,human_error
jack,sales,Senior Sales Executive,file_access_denied,16,2,1,1,0,0,0,human_error
freya,sales,Sales Executive,password_reset,11,1,1,1,0,1,0,human_error
ben,office_admin,Deputy Office Manager,login_failure,12,2,1,2,0,0,0,human_error
emma,finance,Accounts Payable Assistant,login_failure,9,2,0,1,0,1,0,human_error
alfie,sales,Sales Executive,login_failure,12,1,1,2,0,0,0,human_error
charlie,sales,Sales Support Assistant,password_reset,16,1,0,3,0,0,0,human_error
noah,finance,Credit Controller,login_failure,10,2,0,3,0,0,0,human_error
nathan,it,Senior Systems Administrator,file_access_denied,15,2,0,2,0,1,0,human_error
millie,sales,Account Executive,password_reset,9,1,1,1,0,0,0,human_error
noah,finance,Credit Controller,login_failure,11,1,0,3,0,0,0,human_error
lucy,it,Monitoring and Logging Analyst,login_failure,13,2,1,1,0,0,0,human_error
sam,it,Junior IT Support Technician,login_failure,13,2,1,2,0,1,0,human_error
zoe,it,Systems Administrator,file_access_denied,12,1,0,2,0,1,0,human_error
archie,hr,HR Assistant,login_failure,9,2,1,3,0,0,0,human_error
owen,it,Endpoint Administrator,login_failure,12,1,0,3,0,0,0,human_error
archie,hr,HR Assistant,password_reset,13,1,0,2,0,0,0,human_error
zoe,it,Systems Administrator,file_access_denied,13,1,1,1,0,0,0,human_error
hannah,it,Security Administrator,login_failure,9,1,1,2,0,1,0,human_error
nina,office_admin,Site Administrator,password_reset,11,2,0,2,0,0,0,human_error
leo,hr,Learning and Development Coordinator,password_reset,11,1,0,1,0,1,0,human_error
archie,hr,HR Assistant,login_failure,9,1,0,1,0,1,0,human_error
nathan,it,Senior Systems Administrator,login_failure,13,1,0,1,0,1,0,human_error
ella,sales,Senior Sales Executive,file_access_denied,12,2,0,1,0,1,0,human_error
nina,office_admin,Site Administrator,password_reset,15,2,0,1,0,0,0,human_error
poppy,sales,Sales Administrator,login_failure,15,2,1,1,0,1,0,human_error
liam,finance,Finance Assistant,login_failure,12,1,1,2,0,1,0,human_error
ethan,hr,HR Advisor,file_access_denied,10,1,1,3,0,0,0,human_error
ella,sales,Senior Sales Executive,password_reset,13,1,1,3,0,1,0,human_error
charlie,sales,Sales Support Assistant,file_access_denied,13,2,1,3,0,1,0,human_error
charlie,sales,Sales Support Assistant,login_failure,17,2,1,3,0,1,0,human_error
jack,sales,Senior Sales Executive,file_access_denied,12,1,0,1,0,1,0,human_error
chloe,hr,HR Advisor,password_reset,17,2,1,2,0,1,0,human_error
lily,hr,HR Assistant,login_failure,10,1,1,1,0,1,0,human_error
nina,office_admin,Site Administrator,file_access_denied,13,2,1,2,0,0,0,human_error
emma,finance,Accounts Payable Assistant,password_reset,15,2,1,1,0,0,0,human_error
ella,sales,Senior Sales Executive,password_reset,14,2,0,3,0,0,0,human_error
sophie,finance,Payroll Administrator,login_failure,17,2,0,1,0,1,0,human_error
mia,hr,HR Administrator,login_failure,10,1,1,1,0,1,0,human_error
theo,sales,Junior Sales Executive,password_reset,12,2,0,1,0,0,0,human_error
amelia,hr,Senior HR Advisor,password_reset,9,1,1,3,0,0,0,human_error
chloe,hr,HR Advisor,password_reset,12,2,1,2,0,1,0,human_error
callum,it,IT Support Technician,file_access_denied,10,2,0,2,0,1,0,human_error
liam,finance,Finance Assistant,password_reset,12,2,0,1,0,1,0,human_error
freya,sales,Sales Executive,file_access_denied,14,1,1,1,0,1,0,human_error
mia,hr,HR Administrator,password_reset,17,2,0,3,0,0,0,human_error
charlie,sales,Sales Support Assistant,login_failure,15,1,1,1,0,0,0,human_error
daisy,sales,Business Development Executive,file_access_denied,12,2,1,1,0,1,0,human_error
alex,it,IT Manager,password_reset,9,1,1,1,0,1,0,human_error
charlie,sales,Sales Support Assistant,password_reset,12,2,0,3,0,1,0,human_error
owen,it,Endpoint Administrator,login_failure,16,1,1,1,0,1,0,human_error
hannah,it,Security Administrator,login_failure,10,2,0,1,0,1,0,human_error
millie,sales,Account Executive,password_reset,16,2,1,2,0,1,0,human_error
amelia,hr,Senior HR Advisor,file_access_denied,12,2,1,1,0,1,0,human_error
lucy,it,Monitoring and Logging Analyst,login_failure,11,2,1,3,0,1,0,human_error
hannah,it,Security Administrator,file_access_denied,17,2,0,1,0,1,0,human_error
charlie,sales,Sales Support Assistant,file_access_denied,13,2,0,3,0,1,0,human_error
archie,hr,HR Assistant,password_reset,10,1,0,1,0,0,0,human_error
chloe,hr,HR Advisor,file_access_denied,9,2,0,3,0,1,0,human_error
lucy,it,Monitoring and Logging Analyst,password_reset,13,1,0,3,0,0,0,human_error
rosie,sales,Sales Support Coordinator,login_failure,16,2,1,2,0,0,0,human_error
alfie,sales,Sales Executive,file_access_denied,13,2,1,2,0,1,0,human_error
olivia,finance,Financial Reporting Accountant,password_reset,17,1,1,1,0,0,0,human_error
charlie,sales,Sales Support Assistant,file_access_denied,16,1,0,1,0,0,0,human_error
freya,sales,Sales Executive,login_failure,9,2,0,1,0,0,0,human_error
theo,sales,Junior Sales Executive,file_access_denied,11,1,1,2,0,1,0,human_error
jake,finance,Financial Analyst,password_reset,8,1,0,3,0,1,0,human_error
ben,office_admin,Deputy Office Manager,login_failure,12,1,0,3,0,0,0,human_error
charlie,sales,Sales Support Assistant,file_access_denied,11,1,0,2,0,0,0,human_error
grace,finance,Finance Manager,login_failure,13,2,0,2,0,0,0,human_error
millie,sales,Account Executive,password_reset,11,1,1,1,0,0,0,human_error
noah,finance,Credit Controller,file_access_denied,14,1,1,2,0,0,0,human_error
daniel,finance,Senior Accountant,file_access_denied,10,2,1,1,0,0,0,human_error
isla,hr,Recruitment Advisor,file_access_denied,12,1,0,3,0,0,0,human_error
hannah,it,Security Administrator,password_reset,9,2,0,2,0,0,0,human_error
freya,sales,Sales Executive,password_reset,11,2,0,2,0,0,0,human_error
emma,finance,Accounts Payable Assistant,login_failure,14,2,1,2,0,0,0,human_error
charlie,sales,Sales Support Assistant,password_reset,15,1,1,3,0,0,0,human_error
ava,hr,Employee Relations Advisor,file_access_denied,11,1,0,1,0,0,0,human_error
hannah,it,Security Administrator,file_access_denied,15,1,0,1,0,0,0,human_error
ryan,it,Network Administrator,file_access_denied,16,1,0,3,0,0,0,human_error
nina,office_admin,Site Administrator,file_access_denied,17,2,0,1,0,1,0,human_error
ethan,hr,HR Advisor,password_reset,17,2,1,2,0,1,0,human_error
grace,finance,Finance Manager,password_reset,15,1,0,3,0,0,0,human_error
alex,it,IT Manager,password_reset,18,2,0,3,0,1,0,human_error
amelia,hr,Senior HR Advisor,password_reset,12,2,1,3,0,0,0,human_error
mia,hr,HR Administrator,password_reset,9,2,0,2,0,1,0,human_error
ruby,sales,Sales Executive,login_failure,9,1,0,3,0,1,0,human_error
emma,finance,Accounts Payable Assistant,password_reset,10,2,0,3,0,0,0,human_error
harry,hr,People Operations Administrator,password_reset,15,2,0,1,0,0,0,human_error
lily,hr,HR Assistant,login_failure,17,1,1,1,0,1,0,human_error
ethan,hr,HR Advisor,password_reset,16,2,1,3,0,0,0,human_error
archie,hr,HR Assistant,password_reset,16,2,1,3,0,0,0,human_error
rosie,sales,Sales Support Coordinator,login_failure,11,2,0,2,0,1,0,human_error
millie,sales,Account Executive,login_failure,9,1,1,3,0,0,0,human_error
daisy,sales,Business Development Executive,file_access_denied,18,2,1,3,0,1,0,human_error
hannah,it,Security Administrator,password_reset,16,1,0,3,0,1,0,human_error
mason,hr,Recruitment Coordinator,password_reset,9,1,0,2,0,1,0,human_error
sam,it,Junior IT Support Technician,password_reset,11,1,0,3,0,0,0,human_error
isla,hr,Recruitment Advisor,file_access_denied,11,2,1,3,0,1,0,human_error
sam,it,Junior IT Support Technician,password_reset,9,2,0,1,0,0,0,human_error
liam,finance,Finance Assistant,file_access_denied,9,1,0,2,0,1,0,human_error
sam,it,Junior IT Support Technician,login_failure,15,1,1,3,0,1,0,human_error
hannah,it,Security Administrator,login_failure,14,1,0,2,0,0,0,human_error
george,sales,Business Development Executive,password_reset,11,1,1,3,0,1,0,human_error
theo,sales,Junior Sales Executive,login_failure,15,1,0,2,0,0,0,human_error
jack,sales,Senior Sales Executive,file_access_denied,10,2,1,2,0,1,0,human_error
nathan,it,Senior Systems Administrator,file_access_denied,10,2,0,1,0,1,0,human_error
rosie,sales,Sales Support Coordinator,password_reset,15,2,1,1,0,1,0,human_error
alex,it,IT Manager,file_access_denied,12,1,1,2,0,1,0,human_error
harry,hr,People Operations Administrator,file_access_denied,10,2,1,3,0,1,0,human_error
charlie,sales,Sales Support Assistant,password_reset,11,1,1,2,0,0,0,human_error
liam,finance,Finance Assistant,login_failure,17,2,0,1,0,0,0,human_error
mia,hr,HR Administrator,password_reset,13,2,1,2,0,0,0,human_error
mia,hr,HR Administrator,login_failure,13,1,1,1,0,0,0,human_error
noah,finance,Credit Controller,login_failure,15,1,1,1,0,0,0,human_error
mason,hr,Recruitment Coordinator,password_reset,15,2,1,1,0,1,0,human_error
victoria,office_admin,Office Manager,password_reset,17,2,1,1,0,1,0,human_error
charlie,sales,Sales Support Assistant,file_access_denied,15,2,1,1,0,0,0,human_error
daisy,sales,Business Development Executive,file_access_denied,18,1,0,1,0,1,0,human_error
zoe,it,Systems Administrator,file_access_denied,11,2,0,2,0,0,0,human_error
sophie,finance,Payroll Administrator,file_access_denied,16,1,0,3,0,1,0,human_error
chloe,hr,HR Advisor,password_reset,11,1,1,2,0,1,0,human_error
chloe,hr,HR Advisor,login_failure,17,1,0,1,0,1,0,human_error
poppy,sales,Sales Administrator,login_failure,11,1,0,2,0,0,0,human_error
callum,it,IT Support Technician,password_reset,12,2,0,2,0,1,0,human_error
erin,it,Identity and Access Administrator,login_failure,12,1,1,1,0,1,0,human_error
chloe,hr,HR Advisor,file_access_denied,13,2,1,2,0,1,0,human_error
chloe,hr,HR Advisor,file_access_denied,9,1,1,2,0,0,0,human_error
megan,it,IT Support Engineer,login_failure,12,2,1,3,0,1,0,human_error
poppy,sales,Sales Administrator,file_access_denied,14,2,0,3,0,0,0,human_error
alfie,sales,Sales Executive,login_failure,10,1,1,2,0,1,0,human_error
daniel,finance,Senior Accountant,file_access_denied,8,2,1,3,0,0,0,human_error
emma,finance,Accounts Payable Assistant,login_failure,15,1,0,2,0,0,0,human_error
zoe,it,Systems Administrator,password_reset,15,2,1,3,0,0,0,human_error
theo,sales,Junior Sales Executive,password_reset,9,1,1,1,0,0,0,human_error
chloe,hr,HR Advisor,login_failure,10,2,0,3,0,1,0,human_error
ryan,it,Network Administrator,file_access_denied,11,2,0,1,0,1,0,human_error
sophie,finance,Payroll Administrator,password_reset,9,2,1,2,0,1,0,human_error
zoe,it,Systems Administrator,file_access_denied,8,1,0,2,0,0,0,human_error
lucas,sales,Sales Manager,login_failure,14,1,0,3,0,0,0,human_error
ben,office_admin,Deputy Office Manager,password_reset,11,2,0,1,0,0,0,human_error
george,sales,Business Development Executive,login_failure,17,1,0,3,0,1,0,human_error
zoe,it,Systems Administrator,file_access_denied,11,2,1,3,0,1,0,human_error
owen,it,Endpoint Administrator,password_reset,15,1,1,3,0,0,0,human_error
isla,hr,Recruitment Advisor,password_reset,14,1,1,3,0,0,0,human_error
callum,it,IT Support Technician,login_failure,9,2,0,1,0,1,0,human_error
zoe,it,Systems Administrator,password_reset,9,2,1,1,0,1,0,human_error
mia,hr,HR Administrator,password_reset,12,2,0,2,0,1,0,human_error
zoe,it,Systems Administrator,file_access_denied,8,2,0,3,0,1,0,human_error
sophie,finance,Payroll Administrator,file_access_denied,14,1,1,3,0,1,0,human_error
olivia,finance,Financial Reporting Accountant,file_access_denied,14,2,1,2,0,1,0,human_error
erin,it,Identity and Access Administrator,login_failure,10,1,0,3,0,0,0,human_error
alex,it,IT Manager,login_failure,8,2,0,3,0,1,0,human_error
ethan,hr,HR Advisor,password_reset,11,1,1,1,0,1,0,human_error
millie,sales,Account Executive,password_reset,11,1,0,1,0,0,0,human_error
henry,sales,Account Executive,login_failure,9,2,1,1,0,0,0,human_error
ryan,it,Network Administrator,file_access_denied,16,1,1,2,0,1,0,human_error
nina,office_admin,Site Administrator,login_failure,12,2,0,1,0,0,0,human_error
george,sales,Business Development Executive,login_failure,18,2,1,1,0,0,0,human_error
rosie,sales,Sales Support Coordinator,file_access_denied,15,2,0,1,0,1,0,human_error
theo,sales,Junior Sales Executive,login_failure,12,2,1,3,0,0,0,human_error
ben,office_admin,Deputy Office Manager,login_failure,10,2,0,3,0,0,0,human_error
millie,sales,Account Executive,login_failure,11,2,1,2,0,1,0,human_error
daniel,finance,Senior Accountant,file_access_denied,14,2,0,2,0,0,0,human_error
leo,hr,Learning and Development Coordinator,file_access_denied,16,2,1,3,0,1,0,human_error
lucas,sales,Sales Manager,login_failure,13,2,0,2,0,1,0,human_error
lucas,sales,Sales Manager,password_reset,10,1,1,2,0,0,0,human_error
ella,sales,Senior Sales Executive,login_failure,17,2,1,1,0,1,0,human_error
millie,sales,Account Executive,file_access_denied,11,2,1,3,0,1,0,human_error
megan,it,IT Support Engineer,password_reset,12,1,1,2,0,0,0,human_error
jack,sales,Senior Sales Executive,login_failure,13,1,1,2,0,1,0,human_error
archie,hr,HR Assistant,login_failure,10,2,1,2,0,0,0,human_error
olivia,finance,Financial Reporting Accountant,login_failure,13,2,1,2,0,0,0,human_error
daisy,sales,Business Development Executive,login_failure,12,1,0,2,0,0,0,human_error
hannah,it,Security Administrator,login_failure,8,1,1,3,0,1,0,human_error
oscar,sales,Sales Executive,file_access_denied,10,1,0,2,0,1,0,human_error
lucas,sales,Sales Manager,password_reset,10,2,1,2,0,1,0,human_error
amelia,hr,Senior HR Advisor,login_failure,10,2,1,2,0,0,0,human_error
daisy,sales,Business Development Executive,password_reset,17,2,1,3,0,1,0,human_error
chloe,hr,HR Advisor,login_failure,16,2,0,3,0,0,0,human_error
nathan,it,Senior Systems Administrator,file_access_denied,16,1,1,3,0,1,0,human_error
harry,hr,People Operations Administrator,password_reset,11,1,0,3,0,1,0,human_error
george,sales,Business Development Executive,login_failure,9,1,1,2,0,0,0,human_error
archie,hr,HR Assistant,password_reset,14,2,1,3,0,1,0,human_error
nina,office_admin,Site Administrator,login_failure,11,1,0,1,0,1,0,human_error
alex,it,IT Manager,file_access_denied,14,2,0,1,0,1,0,human_error
freya,sales,Sales Executive,login_failure,16,2,0,3,0,1,0,human_error
lily,hr,HR Assistant,password_reset,9,1,0,1,0,1,0,human_error
noah,finance,Credit Controller,password_reset,12,1,0,1,0,1,0,human_error
alfie,sales,Sales Executive,login_failure,18,2,1,1,0,1,0,human_error
isla,hr,Recruitment Advisor,login_failure,13,2,0,1,0,0,0,human_error
jake,finance,Financial Analyst,file_access_denied,13,2,0,3,0,0,0,human_error
olivia,finance,Financial Reporting Accountant,password_reset,11,1,0,1,0,0,0,human_error
liam,finance,Finance Assistant,password_reset,13,1,1,2,0,1,0,human_error
george,sales,Business Development Executive,password_reset,11,2,0,1,0,0,0,human_error
nina,office_admin,Site Administrator,login_failure,13,1,1,3,0,0,0,human_error
sophie,finance,Payroll Administrator,file_access_denied,11,1,1,2,0,1,0,human_error
hannah,it,Security Administrator,file_access_denied,15,2,0,1,0,0,0,human_error
leo,hr,Learning and Development Coordinator,file_access_denied,9,1,1,3,0,1,0,human_error
alex,it,IT Manager,file_access_denied,15,1,1,1,0,1,0,human_error
leo,hr,Learning and Development Coordinator,password_reset,14,1,0,1,0,1,0,human_error
george,sales,Business Development Executive,file_access_denied,10,2,0,2,0,1,0,human_error
leo,hr,Learning and Development Coordinator,login_failure,15,2,1,2,0,1,0,human_error
alex,it,IT Manager,password_reset,11,1,0,2,0,1,0,human_error
alex,it,IT Manager,login_failure,14,1,0,2,0,1,0,human_error
mia,hr,HR Administrator,login_failure,17,2,1,3,0,0,0,human_error
theo,sales,Junior Sales Executive,file_access_denied,11,1,1,1,0,0,0,human_error
charlie,sales,Sales Support Assistant,password_reset,15,2,0,1,0,0,0,human_error
zoe,it,Systems Administrator,login_failure,10,1,1,1,0,0,0,human_error
ella,sales,Senior Sales Executive,login_failure,11,2,1,1,0,1,0,human_error
jack,sales,Senior Sales Executive,login_failure,14,1,1,3,0,1,0,human_error
emma,finance,Accounts Payable Assistant,password_reset,17,2,0,1,0,0,0,human_error
rosie,sales,Sales Support Coordinator,password_reset,15,1,0,2,0,1,0,human_error
callum,it,IT Support Technician,password_reset,18,2,1,1,0,1,0,human_error
ava,hr,Employee Relations Advisor,password_reset,11,2,1,3,0,0,0,human_error
isla,hr,Recruitment Advisor,login_failure,14,1,0,3,0,1,0,human_error
grace,finance,Finance Manager,password_reset,10,2,1,3,0,0,0,human_error
ava,hr,Employee Relations Advisor,file_access_denied,12,1,0,1,0,1,0,human_error
poppy,sales,Sales Administrator,password_reset,14,1,0,1,0,1,0,human_error
amelia,hr,Senior HR Advisor,file_access_denied,15,1,1,2,0,0,0,human_error
mason,hr,Recruitment Coordinator,password_reset,9,2,1,2,0,1,0,human_error
mia,hr,HR Administrator,file_access_denied,12,2,0,2,0,0,0,human_error
mia,hr,HR Administrator,login_failure,9,2,0,3,0,0,0,human_error
lucas,sales,Sales Manager,file_access_denied,14,1,0,3,0,1,0,human_error
nathan,it,Senior Systems Administrator,file_access_denied,9,2,1,2,0,0,0,human_error
mia,hr,HR Administrator,password_reset,16,1,0,2,0,0,0,human_error
chloe,hr,HR Advisor,file_access_denied,14,2,1,3,0,0,0,human_error
leo,hr,Learning and Development Coordinator,login_failure,12,1,1,1,0,1,0,human_error
theo,sales,Junior Sales Executive,file_access_denied,13,1,0,2,0,0,0,human_error
charlie,sales,Sales Support Assistant,password_reset,14,1,0,1,0,1,0,human_error
nathan,it,Senior Systems Administrator,password_reset,16,1,1,1,0,0,0,human_error
zoe,it,Systems Administrator,password_reset,8,1,0,3,0,0,0,human_error
alfie,sales,Sales Executive,password_reset,14,2,0,2,0,0,0,human_error
oscar,sales,Sales Executive,login_failure,16,1,0,3,0,0,0,human_error
daniel,finance,Senior Accountant,file_access_denied,13,1,0,2,0,0,0,human_error
sam,it,Junior IT Support Technician,file_access_denied,11,2,1,2,0,1,0,human_error
liam,finance,Finance Assistant,file_access_denied,15,1,1,1,0,1,0,human_error
emma,finance,Accounts Payable Assistant,password_reset,14,2,1,2,0,1,0,human_error
mia,hr,HR Administrator,file_access_denied,15,2,0,2,0,0,0,human_error
ruby,sales,Sales Executive,login_failure,15,1,0,2,0,0,0,human_error
isla,hr,Recruitment Advisor,login_failure,13,2,0,2,0,0,0,human_error
ethan,hr,HR Advisor,password_reset,15,1,0,2,0,1,0,human_error
ryan,it,Network Administrator,file_access_denied,16,1,0,2,0,1,0,human_error
megan,it,IT Support Engineer,login_failure,12,2,0,1,0,1,0,human_error
nathan,it,Senior Systems Administrator,login_failure,17,2,0,3,0,1,0,human_error
theo,sales,Junior Sales Executive,password_reset,17,2,0,2,0,1,0,human_error
alex,it,IT Manager,file_access_denied,10,1,1,2,0,1,0,human_error
rosie,sales,Sales Support Coordinator,password_reset,13,2,0,2,0,1,0,human_error
daniel,finance,Senior Accountant,login_failure,9,2,0,1,0,0,0,human_error
grace,finance,Finance Manager,login_failure,14,1,0,1,0,0,0,human_error
zoe,it,Systems Administrator,file_access_denied,11,2,0,1,0,1,0,human_error
zoe,it,Systems Administrator,login_failure,14,2,1,3,0,1,0,human_error
leo,hr,Learning and Development Coordinator,file_access_denied,13,1,1,2,0,0,0,human_error
olivia,finance,Financial Reporting Accountant,file_access_denied,12,1,1,3,0,0,0,human_error
olivia,finance,Financial Reporting Accountant,file_access_denied,12,1,0,2,0,0,0,human_error
megan,it,IT Support Engineer,password_reset,17,2,1,3,0,0,0,human_error
jack,sales,Senior Sales Executive,file_access_denied,16,1,0,1,0,1,0,human_error
lucy,it,Monitoring and Logging Analyst,login_failure,13,2,1,1,0,0,0,human_error
george,sales,Business Development Executive,file_access_denied,10,1,0,2,0,1,0,human_error
emma,finance,Accounts Payable Assistant,login_failure,13,2,0,3,0,1,0,human_error
rosie,sales,Sales Support Coordinator,login_failure,16,2,0,3,0,1,0,human_error
alfie,sales,Sales Executive,password_reset,18,2,0,1,0,0,0,human_error
ben,office_admin,Deputy Office Manager,login_failure,8,2,1,2,0,0,0,human_error
ben,office_admin,Deputy Office Manager,login_failure,17,2,0,1,0,0,0,human_error
noah,finance,Credit Controller,file_access_denied,10,1,0,2,0,0,0,human_error
megan,it,IT Support Engineer,file_access_denied,18,1,1,3,0,1,0,human_error
sarah,hr,HR Manager,file_access_denied,10,2,0,1,0,0,0,human_error
jack,sales,Senior Sales Executive,file_access_denied,18,1,0,2,0,0,0,human_error
hannah,it,Security Administrator,login_failure,15,2,1,3,0,0,0,human_error
daisy,sales,Business Development Executive,login_failure,13,1,1,2,0,0,0,human_error
alex,it,IT Manager,password_reset,15,1,1,1,0,0,0,human_error
ethan,hr,HR Advisor,password_reset,12,1,0,2,0,1,0,human_error
archie,hr,HR Assistant,file_access_denied,11,2,0,3,0,1,0,human_error
poppy,sales,Sales Administrator,file_access_denied,10,1,0,3,0,0,0,human_error
leo,hr,Learning and Development Coordinator,login_failure,11,2,1,1,0,0,0,human_error
daniel,finance,Senior Accountant,login_failure,12,2,1,3,0,1,0,human_error
chloe,hr,HR Advisor,file_access_denied,13,2,1,3,0,1,0,human_error
lily,hr,HR Assistant,login_failure,11,2,1,3,0,1,0,human_error
harry,hr,People Operations Administrator,password_reset,16,2,1,3,0,1,0,human_error
mason,hr,Recruitment Coordinator,file_access_denied,14,1,1,2,0,1,0,human_error
hannah,it,Security Administrator,login_failure,9,1,0,2,0,1,0,human_error
henry,sales,Account Executive,file_access_denied,13,1,1,2,0,1,0,human_error
ava,hr,Employee Relations Advisor,login_failure,13,2,1,1,0,1,0,human_error
theo,sales,Junior Sales Executive,password_reset,10,1,1,3,0,1,0,human_error
noah,finance,Credit Controller,password_reset,12,2,1,1,0,1,0,human_error
daisy,sales,Business Development Executive,password_reset,14,2,1,2,0,0,0,human_error
rosie,sales,Sales Support Coordinator,password_reset,13,1,0,2,0,1,0,human_error
nina,office_admin,Site Administrator,login_failure,17,2,1,2,0,1,0,human_error
emma,finance,Accounts Payable Assistant,file_access_denied,12,1,0,1,0,1,0,human_error
zoe,it,Systems Administrator,login_failure,17,1,1,2,0,0,0,human_error
theo,sales,Junior Sales Executive,file_access_denied,14,1,0,2,0,0,0,human_error
jake,finance,Financial Analyst,login_failure,17,2,1,1,0,0,0,human_error
alex,it,IT Manager,login_failure,15,1,0,3,0,0,0,human_error
ruby,sales,Sales Executive,password_reset,12,1,0,2,0,1,0,human_error
nathan,it,Senior Systems Administrator,password_reset,11,2,1,3,0,0,0,human_error
emma,finance,Accounts Payable Assistant,password_reset,16,2,0,1,0,0,0,human_error
mia,hr,HR Administrator,login_failure,11,2,0,1,0,0,0,human_error
nina,office_admin,Site Administrator,password_reset,12,1,0,1,0,0,0,human_error
liam,finance,Finance Assistant,password_reset,16,1,0,1,0,1,0,human_error
leo,hr,Learning and Development Coordinator,login_failure,13,2,1,3,0,0,0,human_error
oscar,sales,Sales Executive,file_access_denied,9,1,0,3,0,1,0,human_error
noah,finance,Credit Controller,file_access_denied,11,2,1,3,0,0,0,human_error
ella,sales,Senior Sales Executive,password_reset,17,1,0,3,0,1,0,human_error
chloe,hr,HR Advisor,login_failure,13,2,1,1,0,1,0,human_error
daniel,finance,Senior Accountant,file_access_denied,15,2,1,2,0,1,0,human_error
ryan,it,Network Administrator,login_failure,14,2,1,1,0,1,0,human_error
callum,it,IT Support Technician,password_reset,18,2,1,1,0,1,0,human_error
freya,sales,Sales Executive,login_failure,17,2,0,3,0,1,0,human_error
hannah,it,Security Administrator,password_reset,9,1,1,2,0,0,0,human_error
callum,it,IT Support Technician,login_failure,13,2,1,1,0,1,0,human_error
emma,finance,Accounts Payable Assistant,password_reset,11,1,0,2,0,0,0,human_error
freya,sales,Sales Executive,file_access_denied,12,2,1,3,0,0,0,human_error
ella,sales,Senior Sales Executive,password_reset,15,2,0,3,0,0,0,human_error
sophie,finance,Payroll Administrator,password_reset,10,1,0,1,0,0,0,human_error
daisy,sales,Business Development Executive,login_failure,16,2,1,2,0,0,0,human_error
ryan,it,Network Administrator,file_access_denied,13,1,0,2,0,0,0,human_error
emma,finance,Accounts Payable Assistant,login_failure,10,2,1,1,0,1,0,human_error
oscar,sales,Sales Executive,file_access_denied,10,2,0,2,0,0,0,human_error
leo,hr,Learning and Development Coordinator,password_reset,17,2,0,3,0,0,0,human_error
daisy,sales,Business Development Executive,file_access_denied,18,1,0,3,0,1,0,human_error
alex,it,IT Manager,login_failure,10,1,0,1,0,1,0,human_error
archie,hr,HR Assistant,file_access_denied,15,2,0,2,0,1,0,human_error
sam,it,Junior IT Support Technician,password_reset,11,2,1,2,0,1,0,human_error
daniel,finance,Senior Accountant,password_reset,12,2,0,3,0,0,0,human_error
ruby,sales,Sales Executive,password_reset,15,2,0,3,0,0,0,human_error
victoria,office_admin,Office Manager,login_failure,17,1,1,2,0,0,0,human_error
jack,sales,Senior Sales Executive,login_failure,13,1,1,2,0,1,0,human_error
charlie,sales,Sales Support Assistant,login_failure,10,1,0,1,0,0,0,human_error
daisy,sales,Business Development Executive,password_reset,12,2,1,3,0,0,0,human_error
hannah,it,Security Administrator,login_failure,10,1,1,1,0,0,0,human_error
sam,it,Junior IT Support Technician,password_reset,13,2,1,2,0,1,0,human_error
sophie,finance,Payroll Administrator,file_access_denied,13,1,0,2,0,1,0,human_error
lucy,it,Monitoring and Logging Analyst,password_reset,11,2,1,3,0,1,0,human_error
ella,sales,Senior Sales Executive,file_access_denied,17,1,1,3,0,0,0,human_error
jack,sales,Senior Sales Executive,login_failure,11,2,0,2,0,1,0,human_error
ethan,hr,HR Advisor,login_failure,14,2,1,1,0,1,0,human_error
oscar,sales,Sales Executive,file_access_denied,15,1,0,2,0,1,0,human_error
victoria,office_admin,Office Manager,login_failure,9,2,1,2,0,0,0,human_error
mason,hr,Recruitment Coordinator,password_reset,12,2,0,2,0,1,0,human_error
ben,office_admin,Deputy Office Manager,password_reset,11,2,0,2,0,1,0,human_error
lucy,it,Monitoring and Logging Analyst,password_reset,12,2,1,2,0,0,0,human_error
chloe,hr,HR Advisor,file_access_denied,14,2,0,1,0,1,0,human_error
emma,finance,Accounts Payable Assistant,login_failure,16,1,0,1,0,1,0,human_error
sam,it,Junior IT Support Technician,login_failure,14,1,1,3,0,0,0,human_error
hannah,it,Security Administrator,password_reset,10,1,1,3,0,1,0,human_error
jake,finance,Financial Analyst,file_access_denied,13,2,1,3,0,1,0,human_error
daisy,sales,Business Development Executive,password_reset,13,1,0,1,0,1,0,human_error
chloe,hr,HR Advisor,file_access_denied,13,1,0,1,0,1,0,human_error
lily,hr,HR Assistant,file_access_denied,15,1,0,3,0,1,0,human_error
freya,sales,Sales Executive,login_failure,14,2,0,1,0,1,0,human_error
jack,sales,Senior Sales Executive,password_reset,10,1,0,2,0,0,0,human_error
mia,hr,HR Administrator,file_access_denied,12,2,0,2,0,1,0,human_error
owen,it,Endpoint Administrator,password_reset,15,1,1,3,0,1,0,human_error
alex,it,IT Manager,login_failure,8,2,0,1,0,0,0,human_error
nina,office_admin,Site Administrator,password_reset,16,1,0,2,0,1,0,human_error
sophie,finance,Payroll Administrator,password_reset,14,2,0,1,0,1,0,human_error
sophie,finance,Payroll Administrator,login_failure,17,2,1,1,0,0,0,human_error
ethan,hr,HR Advisor,login_failure,12,1,1,1,0,1,0,human_error
theo,sales,Junior Sales Executive,file_access_denied,11,1,0,3,0,0,0,human_error
sophie,finance,Payroll Administrator,file_access_denied,10,2,0,1,0,0,0,human_error
ella,sales,Senior Sales Executive,login_failure,9,1,0,2,0,0,0,human_error
liam,finance,Finance Assistant,login_failure,9,1,1,2,0,0,0,human_error
megan,it,IT Support Engineer,password_reset,14,1,0,2,0,0,0,human_error
ruby,sales,Sales Executive,password_reset,14,1,1,3,0,1,0,human_error
callum,it,IT Support Technician,login_failure,18,1,0,3,0,0,0,human_error
grace,finance,Finance Manager,file_access_denied,13,2,0,2,0,1,0,human_error
jack,sales,Senior Sales Executive,login_failure,11,2,0,2,0,1,0,human_error
megan,it,IT Support Engineer,password_reset,14,2,1,3,0,0,0,human_error
george,sales,Business Development Executive,file_access_denied,10,2,1,2,0,0,0,human_error
ethan,hr,HR Advisor,login_failure,16,2,0,2,0,0,0,human_error
harry,hr,People Operations Administrator,password_reset,14,2,1,2,0,0,0,human_error
ethan,hr,HR Advisor,login_failure,15,1,0,3,0,0,0,human_error
mason,hr,Recruitment Coordinator,password_reset,15,2,1,2,0,0,0,human_error
liam,finance,Finance Assistant,file_access_denied,9,2,0,1,0,0,0,human_error
lily,hr,HR Assistant,file_access_denied,14,1,0,2,0,0,0,human_error
alfie,sales,Sales Executive,login_failure,12,1,0,2,0,1,0,human_error
sophie,finance,Payroll Administrator,password_reset,11,1,0,3,0,0,0,human_error
victoria,office_admin,Office Manager,file_access_denied,13,1,1,3,0,0,0,human_error
callum,it,IT Support Technician,login_failure,10,1,1,3,0,0,0,human_error
chloe,hr,HR Advisor,login_failure,13,1,1,1,0,0,0,human_error
isla,hr,Recruitment Advisor,login_failure,8,2,1,1,0,1,0,human_error
noah,finance,Credit Controller,password_reset,9,2,1,2,0,1,0,human_error
zoe,it,Systems Administrator,password_reset,15,1,1,2,0,1,0,human_error
ava,hr,Employee Relations Advisor,login_failure,15,2,0,1,0,0,0,human_error
victoria,office_admin,Office Manager,password_reset,16,1,0,1,0,0,0,human_error
leo,hr,Learning and Development Coordinator,password_reset,11,1,1,2,0,1,0,human_error
henry,sales,Account Executive,password_reset,9,2,1,2,0,0,0,human_error
emma,finance,Accounts Payable Assistant,password_reset,12,2,0,3,0,1,0,human_error
lucy,it,Monitoring and Logging Analyst,login_failure,15,2,1,3,0,1,0,human_error
george,sales,Business Development Executive,file_access_denied,10,1,1,1,0,1,0,human_error
alfie,sales,Sales Executive,file_access_denied,16,2,0,3,0,0,0,human_error
grace,finance,Finance Manager,password_reset,17,2,1,3,0,1,0,human_error
amelia,hr,Senior HR Advisor,file_access_denied,15,2,0,1,0,1,0,human_error
hannah,it,Security Administrator,password_reset,11,2,0,1,0,1,0,human_error
grace,finance,Finance Manager,password_reset,9,1,0,2,0,0,0,human_error
nathan,it,Senior Systems Administrator,password_reset,13,1,0,3,0,0,0,human_error
zoe,it,Systems Administrator,file_access_denied,8,1,0,3,0,0,0,human_error
lucy,it,Monitoring and Logging Analyst,file_access_denied,11,2,1,3,0,1,0,human_error
rosie,sales,Sales Support Coordinator,file_access_denied,9,2,1,3,0,1,0,human_error
sam,it,Junior IT Support Technician,file_access_denied,15,1,1,3,0,0,0,human_error
freya,sales,Sales Executive,file_access_denied,11,2,1,3,0,1,0,human_error
millie,sales,Account Executive,file_access_denied,14,1,1,1,0,0,0,human_error
liam,finance,Finance Assistant,file_access_denied,14,2,0,1,0,0,0,human_error
noah,finance,Credit Controller,password_reset,8,2,0,1,0,1,0,human_error
daisy,sales,Business Development Executive,login_failure,14,2,1,2,0,1,0,human_error
freya,sales,Sales Executive,file_access_denied,13,2,1,1,0,0,0,human_error
nathan,it,Senior Systems Administrator,login_failure,9,1,0,1,0,0,0,human_error
amelia,hr,Senior HR Advisor,login_failure,9,1,1,1,0,0,0,human_error
owen,it,Endpoint Administrator,file_access_denied,13,1,0,2,0,1,0,human_error
charlie,sales,Sales Support Assistant,login_failure,15,2,0,2,0,1,0,human_error
nina,office_admin,Site Administrator,password_reset,16,1,1,2,0,0,0,human_error
ava,hr,Employee Relations Advisor,login_failure,11,2,1,2,0,1,0,human_error
theo,sales,Junior Sales Executive,login_failure,12,1,0,1,0,0,0,human_error
mia,hr,HR Administrator,password_reset,17,1,1,1,0,1,0,human_error
sarah,hr,HR Manager,login_failure,12,1,1,2,0,1,0,human_error
mia,hr,HR Administrator,password_reset,10,1,1,2,0,0,0,human_error
lily,hr,HR Assistant,file_access_denied,17,2,0,2,0,0,0,human_error
ryan,it,Network Administrator,password_reset,13,2,0,2,0,0,0,human_error
emma,finance,Accounts Payable Assistant,login_failure,10,1,0,2,0,1,0,human_error
jake,finance,Financial Analyst,login_failure,8,2,1,3,0,1,0,human_error
chloe,hr,HR Advisor,login_failure,14,1,0,3,0,0,0,human_error
adam,it,Senior IT Support Engineer,login_failure,16,1,0,1,0,1,0,human_error
mason,hr,Recruitment Coordinator,password_reset,9,1,1,1,0,0,0,human_error
sarah,hr,HR Manager,file_access_denied,11,2,0,1,0,0,0,human_error
amelia,hr,Senior HR Advisor,file_access_denied,17,1,1,1,0,0,0,human_error
lucy,it,Monitoring and Logging Analyst,password_reset,12,1,1,3,0,1,0,human_error
daniel,finance,Senior Accountant,password_reset,11,1,0,1,0,1,0,human_error
grace,finance,Finance Manager,password_reset,8,2,0,1,0,1,0,human_error
theo,sales,Junior Sales Executive,password_reset,14,1,0,3,0,1,0,human_error
victoria,office_admin,Office Manager,file_access_denied,10,2,0,3,0,1,0,human_error
emma,finance,Accounts Payable Assistant,file_access_denied,16,2,0,3,0,0,0,human_error
mia,hr,HR Administrator,password_reset,14,2,0,2,0,0,0,human_error
victoria,office_admin,Office Manager,file_access_denied,15,1,1,1,0,0,0,human_error
mia,hr,HR Administrator,login_failure,9,2,1,2,0,1,0,human_error
callum,it,IT Support Technician,login_failure,16,1,1,3,0,1,0,human_error
grace,finance,Finance Manager,password_reset,11,1,0,3,0,1,0,human_error
henry,sales,Account Executive,password_reset,14,2,0,3,0,0,0,human_error
harry,hr,People Operations Administrator,login_failure,10,2,1,3,0,0,0,human_error
adam,it,Senior IT Support Engineer,file_access_denied,16,2,1,2,0,1,0,human_error
harry,hr,People Operations Administrator,file_access_denied,11,1,1,2,0,0,0,human_error
olivia,finance,Financial Reporting Accountant,file_access_denied,15,2,0,1,0,1,0,human_error
henry,sales,Account Executive,login_failure,17,1,1,2,0,0,0,human_error
mia,hr,HR Administrator,password_reset,13,2,1,3,0,1,0,human_error
jake,finance,Financial Analyst,password_reset,16,1,0,3,0,0,0,human_error
rosie,sales,Sales Support Coordinator,password_reset,11,2,1,1,0,0,0,human_error
henry,sales,Account Executive,password_reset,10,2,1,1,0,1,0,human_error
alex,it,IT Manager,password_reset,18,1,1,3,0,0,0,human_error
megan,it,IT Support Engineer,password_reset,9,1,0,1,0,0,0,human_error
lucy,it,Monitoring and Logging Analyst,file_access_denied,12,1,0,3,0,1,0,human_error
millie,sales,Account Executive,file_access_denied,17,1,1,3,0,1,0,human_error
ella,sales,Senior Sales Executive,password_reset,9,1,1,1,0,1,0,human_error
mia,hr,HR Administrator,file_access_denied,12,1,1,1,0,1,0,human_error
henry,sales,Account Executive,login_failure,12,1,1,3,0,1,0,human_error
harry,hr,People Operations Administrator,login_failure,22,2,1,6,1,0,1,suspicious
jake,finance,Financial Analyst,file_access_denied,19,4,3,3,1,0,0,suspicious
alex,it,IT Manager,file_access_denied,21,4,3,3,1,1,0,suspicious
leo,hr,Learning and Development Coordinator,login_failure,19,1,1,3,1,1,1,suspicious
nina,office_admin,Site Administrator,file_access_denied,1,2,1,6,1,0,1,suspicious
oscar,sales,Sales Executive,file_access_denied,21,2,2,5,1,1,1,suspicious
ella,sales,Senior Sales Executive,login_failure,0,4,1,4,1,0,1,suspicious
owen,it,Endpoint Administrator,login_failure,19,2,3,4,1,1,0,suspicious
ava,hr,Employee Relations Advisor,login_failure,4,2,2,3,1,0,0,suspicious
owen,it,Endpoint Administrator,file_access_denied,23,4,2,5,1,1,1,suspicious
owen,it,Endpoint Administrator,login_failure,23,1,2,3,1,0,1,suspicious
henry,sales,Account Executive,file_access_denied,0,4,3,4,1,0,1,suspicious
lucy,it,Monitoring and Logging Analyst,file_access_denied,23,1,1,6,1,1,1,suspicious
oscar,sales,Sales Executive,login_failure,19,3,2,4,1,1,0,suspicious
oscar,sales,Sales Executive,login_failure,1,1,2,4,1,0,1,suspicious
henry,sales,Account Executive,file_access_denied,5,1,2,6,1,1,1,suspicious
victoria,office_admin,Office Manager,file_access_denied,2,1,2,5,1,0,1,suspicious
chloe,hr,HR Advisor,file_access_denied,6,1,3,6,1,1,1,suspicious
megan,it,IT Support Engineer,login_failure,23,2,3,4,1,0,1,suspicious
harry,hr,People Operations Administrator,login_failure,23,2,2,5,1,0,0,suspicious
archie,hr,HR Assistant,login_failure,3,2,1,6,1,0,1,suspicious
sam,it,Junior IT Support Technician,file_access_denied,23,2,2,3,1,0,1,suspicious
ava,hr,Employee Relations Advisor,login_failure,20,3,3,6,1,0,0,suspicious
mia,hr,HR Administrator,file_access_denied,3,1,3,6,1,1,0,suspicious
leo,hr,Learning and Development Coordinator,file_access_denied,3,4,3,6,1,0,1,suspicious
lucy,it,Monitoring and Logging Analyst,file_access_denied,1,1,1,4,1,1,0,suspicious
nina,office_admin,Site Administrator,file_access_denied,3,1,1,4,1,1,0,suspicious
poppy,sales,Sales Administrator,file_access_denied,19,1,3,6,1,1,0,suspicious
erin,it,Identity and Access Administrator,file_access_denied,20,3,1,4,1,1,1,suspicious
oscar,sales,Sales Executive,file_access_denied,19,3,2,5,1,1,1,suspicious
megan,it,IT Support Engineer,login_failure,0,3,3,6,1,1,0,suspicious
megan,it,IT Support Engineer,file_access_denied,3,4,2,3,1,0,0,suspicious
emma,finance,Accounts Payable Assistant,login_failure,19,4,1,4,1,1,0,suspicious
ruby,sales,Sales Executive,login_failure,21,3,3,4,1,1,1,suspicious
lucas,sales,Sales Manager,file_access_denied,5,2,3,5,1,1,0,suspicious
isla,hr,Recruitment Advisor,login_failure,6,4,1,4,1,0,0,suspicious
ava,hr,Employee Relations Advisor,login_failure,4,3,1,4,1,1,0,suspicious
megan,it,IT Support Engineer,file_access_denied,21,3,3,4,1,1,1,suspicious
lily,hr,HR Assistant,login_failure,0,1,2,5,1,1,1,suspicious
isla,hr,Recruitment Advisor,file_access_denied,19,3,2,5,1,1,0,suspicious
oscar,sales,Sales Executive,file_access_denied,4,4,3,6,1,1,0,suspicious
nathan,it,Senior Systems Administrator,file_access_denied,20,1,1,4,1,0,1,suspicious
theo,sales,Junior Sales Executive,login_failure,21,2,3,3,1,0,1,suspicious
victoria,office_admin,Office Manager,file_access_denied,1,1,1,3,1,1,1,suspicious
ethan,hr,HR Advisor,file_access_denied,21,2,1,4,1,1,1,suspicious
hannah,it,Security Administrator,file_access_denied,20,3,3,4,1,0,1,suspicious
grace,finance,Finance Manager,file_access_denied,20,4,3,4,1,0,1,suspicious
mia,hr,HR Administrator,login_failure,21,3,1,4,1,1,0,suspicious
theo,sales,Junior Sales Executive,file_access_denied,6,4,1,5,1,1,1,suspicious
sam,it,Junior IT Support Technician,file_access_denied,4,3,1,4,1,0,0,suspicious
ben,office_admin,Deputy Office Manager,file_access_denied,1,2,1,5,1,0,1,suspicious
ruby,sales,Sales Executive,file_access_denied,5,3,1,5,1,1,0,suspicious
alex,it,IT Manager,file_access_denied,1,2,1,4,1,0,1,suspicious
adam,it,Senior IT Support Engineer,login_failure,5,3,2,6,1,0,0,suspicious
liam,finance,Finance Assistant,login_failure,20,2,1,6,1,0,0,suspicious
victoria,office_admin,Office Manager,login_failure,19,1,2,5,1,0,1,suspicious
ruby,sales,Sales Executive,file_access_denied,2,1,2,3,1,1,1,suspicious
ava,hr,Employee Relations Advisor,login_failure,3,4,1,3,1,1,1,suspicious
harry,hr,People Operations Administrator,login_failure,23,1,1,6,1,0,1,suspicious
nathan,it,Senior Systems Administrator,login_failure,5,1,2,4,1,0,0,suspicious
sam,it,Junior IT Support Technician,file_access_denied,2,1,2,4,1,0,0,suspicious
lucy,it,Monitoring and Logging Analyst,file_access_denied,19,4,3,4,1,1,0,suspicious
emma,finance,Accounts Payable Assistant,login_failure,5,2,3,5,1,1,1,suspicious
lily,hr,HR Assistant,login_failure,19,1,3,4,1,0,0,suspicious
poppy,sales,Sales Administrator,login_failure,4,3,3,4,1,0,1,suspicious
freya,sales,Sales Executive,file_access_denied,19,3,2,3,1,1,1,suspicious
sophie,finance,Payroll Administrator,login_failure,22,4,3,4,1,0,0,suspicious
rosie,sales,Sales Support Coordinator,file_access_denied,6,1,3,5,1,0,0,suspicious
lucy,it,Monitoring and Logging Analyst,file_access_denied,2,1,3,6,1,0,0,suspicious
noah,finance,Credit Controller,login_failure,3,3,3,5,1,0,1,suspicious
ben,office_admin,Deputy Office Manager,file_access_denied,21,1,1,4,1,0,0,suspicious
victoria,office_admin,Office Manager,file_access_denied,1,3,3,3,1,1,0,suspicious
liam,finance,Finance Assistant,file_access_denied,2,4,1,5,1,0,0,suspicious
george,sales,Business Development Executive,login_failure,20,2,1,3,1,1,1,suspicious
theo,sales,Junior Sales Executive,file_access_denied,3,2,2,3,1,0,1,suspicious
mia,hr,HR Administrator,login_failure,1,1,2,6,1,1,1,suspicious
sarah,hr,HR Manager,login_failure,19,1,1,6,1,0,0,suspicious
archie,hr,HR Assistant,file_access_denied,4,4,1,3,1,0,1,suspicious
theo,sales,Junior Sales Executive,file_access_denied,3,2,3,6,1,0,0,suspicious
poppy,sales,Sales Administrator,login_failure,4,4,3,6,1,0,1,suspicious
grace,finance,Finance Manager,file_access_denied,19,3,2,5,1,0,1,suspicious
owen,it,Endpoint Administrator,file_access_denied,3,4,2,3,1,1,1,suspicious
archie,hr,HR Assistant,login_failure,22,1,1,3,1,0,1,suspicious
ryan,it,Network Administrator,login_failure,0,3,2,5,1,0,0,suspicious
olivia,finance,Financial Reporting Accountant,login_failure,3,2,1,5,1,0,0,suspicious
grace,finance,Finance Manager,file_access_denied,20,2,3,4,1,0,1,suspicious
mia,hr,HR Administrator,file_access_denied,23,2,2,6,1,0,0,suspicious
jake,finance,Financial Analyst,file_access_denied,21,4,2,4,1,0,1,suspicious
harry,hr,People Operations Administrator,login_failure,20,1,1,4,1,1,1,suspicious
callum,it,IT Support Technician,login_failure,6,2,3,6,1,0,1,suspicious
nathan,it,Senior Systems Administrator,file_access_denied,19,3,1,5,1,1,1,suspicious
charlie,sales,Sales Support Assistant,login_failure,3,1,1,5,1,1,1,suspicious
daisy,sales,Business Development Executive,login_failure,22,1,2,5,1,0,1,suspicious
ryan,it,Network Administrator,login_failure,20,2,2,5,1,0,1,suspicious
victoria,office_admin,Office Manager,file_access_denied,3,2,3,3,1,1,1,suspicious
ava,hr,Employee Relations Advisor,login_failure,21,1,3,6,1,1,0,suspicious
emma,finance,Accounts Payable Assistant,file_access_denied,20,1,1,3,1,0,1,suspicious
leo,hr,Learning and Development Coordinator,login_failure,20,1,3,3,1,1,1,suspicious
archie,hr,HR Assistant,login_failure,20,3,3,3,1,1,0,suspicious
ava,hr,Employee Relations Advisor,login_failure,20,1,2,3,1,1,1,suspicious
amelia,hr,Senior HR Advisor,login_failure,19,2,1,6,1,1,1,suspicious
charlie,sales,Sales Support Assistant,login_failure,20,3,1,3,1,1,1,suspicious
ryan,it,Network Administrator,login_failure,23,1,2,6,1,1,1,suspicious
ella,sales,Senior Sales Executive,login_failure,1,2,2,6,1,1,0,suspicious
charlie,sales,Sales Support Assistant,login_failure,6,3,1,3,1,0,1,suspicious
hannah,it,Security Administrator,file_access_denied,1,3,3,5,1,1,0,suspicious
sophie,finance,Payroll Administrator,file_access_denied,5,3,1,3,1,1,1,suspicious
victoria,office_admin,Office Manager,file_access_denied,20,2,3,3,1,1,0,suspicious
leo,hr,Learning and Development Coordinator,login_failure,19,2,1,5,1,1,1,suspicious
sophie,finance,Payroll Administrator,file_access_denied,23,1,3,3,1,0,0,suspicious
callum,it,IT Support Technician,file_access_denied,6,3,3,4,1,1,0,suspicious
alfie,sales,Sales Executive,file_access_denied,6,4,3,5,1,0,1,suspicious
millie,sales,Account Executive,login_failure,19,4,1,3,1,1,1,suspicious
sarah,hr,HR Manager,login_failure,1,4,3,4,1,0,0,suspicious
sophie,finance,Payroll Administrator,login_failure,0,1,3,4,1,0,1,suspicious
olivia,finance,Financial Reporting Accountant,file_access_denied,23,4,1,3,1,0,1,suspicious
ben,office_admin,Deputy Office Manager,login_failure,3,2,2,6,1,1,0,suspicious
mason,hr,Recruitment Coordinator,login_failure,4,2,2,5,1,0,1,suspicious
amelia,hr,Senior HR Advisor,file_access_denied,21,3,3,6,1,1,0,suspicious
lily,hr,HR Assistant,login_failure,19,4,1,3,1,1,0,suspicious
leo,hr,Learning and Development Coordinator,login_failure,0,4,2,3,1,0,0,suspicious
ruby,sales,Sales Executive,login_failure,21,4,2,6,1,1,1,suspicious
isla,hr,Recruitment Advisor,login_failure,23,3,2,4,1,1,0,suspicious
ruby,sales,Sales Executive,login_failure,1,4,2,4,1,0,1,suspicious
chloe,hr,HR Advisor,login_failure,21,4,3,4,1,0,1,suspicious
olivia,finance,Financial Reporting Accountant,login_failure,23,3,3,3,1,0,0,suspicious
ava,hr,Employee Relations Advisor,login_failure,20,4,2,5,1,1,1,suspicious
lucy,it,Monitoring and Logging Analyst,login_failure,23,1,2,5,1,0,1,suspicious
george,sales,Business Development Executive,login_failure,2,3,3,5,1,0,1,suspicious
adam,it,Senior IT Support Engineer,login_failure,21,3,1,4,1,0,1,suspicious
noah,finance,Credit Controller,login_failure,22,1,3,5,1,0,1,suspicious
daniel,finance,Senior Accountant,login_failure,19,3,2,6,1,0,1,suspicious
poppy,sales,Sales Administrator,login_failure,0,4,3,3,1,0,0,suspicious
daniel,finance,Senior Accountant,file_access_denied,19,1,2,3,1,0,0,suspicious
amelia,hr,Senior HR Advisor,login_failure,5,2,3,4,1,1,0,suspicious
jake,finance,Financial Analyst,login_failure,2,2,1,5,1,0,1,suspicious
ryan,it,Network Administrator,file_access_denied,3,3,2,5,1,0,0,suspicious
isla,hr,Recruitment Advisor,login_failure,0,3,1,6,1,0,1,suspicious
george,sales,Business Development Executive,file_access_denied,4,1,2,6,1,1,1,suspicious
callum,it,IT Support Technician,file_access_denied,20,4,1,6,1,0,1,suspicious
lucas,sales,Sales Manager,login_failure,4,3,3,6,1,1,1,suspicious
daniel,finance,Senior Accountant,login_failure,3,1,1,6,1,0,1,suspicious
callum,it,IT Support Technician,file_access_denied,0,1,3,6,1,1,1,suspicious
charlie,sales,Sales Support Assistant,file_access_denied,2,3,2,6,1,1,1,suspicious
erin,it,Identity and Access Administrator,file_access_denied,2,3,1,5,1,0,1,suspicious
charlie,sales,Sales Support Assistant,file_access_denied,23,1,2,5,1,1,0,suspicious
ethan,hr,HR Advisor,file_access_denied,22,4,3,3,1,1,1,suspicious
charlie,sales,Sales Support Assistant,login_failure,6,2,1,4,1,0,0,suspicious
charlie,sales,Sales Support Assistant,login_failure,23,1,2,5,1,0,1,suspicious
oscar,sales,Sales Executive,file_access_denied,22,2,2,3,1,1,0,suspicious
ruby,sales,Sales Executive,file_access_denied,1,3,3,3,1,1,1,suspicious
ava,hr,Employee Relations Advisor,login_failure,21,2,2,5,1,1,0,suspicious
charlie,sales,Sales Support Assistant,file_access_denied,23,1,3,4,1,1,0,suspicious
daniel,finance,Senior Accountant,login_failure,2,3,1,3,1,0,1,suspicious
sophie,finance,Payroll Administrator,file_access_denied,0,3,3,4,1,1,0,suspicious
chloe,hr,HR Advisor,file_access_denied,0,4,3,3,1,1,0,suspicious
mason,hr,Recruitment Coordinator,file_access_denied,1,1,2,6,1,0,1,suspicious
lucas,sales,Sales Manager,login_failure,3,3,2,3,1,0,0,suspicious
adam,it,Senior IT Support Engineer,login_failure,3,4,1,4,1,1,1,suspicious
lucas,sales,Sales Manager,file_access_denied,1,2,3,3,1,1,1,suspicious
ethan,hr,HR Advisor,login_failure,21,4,3,5,1,1,0,suspicious
alfie,sales,Sales Executive,file_access_denied,1,1,3,5,1,1,1,suspicious
theo,sales,Junior Sales Executive,file_access_denied,2,2,2,5,1,0,1,suspicious
henry,sales,Account Executive,file_access_denied,5,3,3,3,1,0,1,suspicious
theo,sales,Junior Sales Executive,login_failure,22,1,2,6,1,0,0,suspicious
isla,hr,Recruitment Advisor,login_failure,20,4,3,6,1,1,0,suspicious
ella,sales,Senior Sales Executive,file_access_denied,1,3,3,5,1,0,0,suspicious
ella,sales,Senior Sales Executive,login_failure,3,2,2,6,1,1,1,suspicious
oscar,sales,Sales Executive,login_failure,23,3,1,4,1,0,0,suspicious
alfie,sales,Sales Executive,file_access_denied,3,3,3,4,1,0,1,suspicious
lucas,sales,Sales Manager,login_failure,3,1,2,3,1,0,0,suspicious
rosie,sales,Sales Support Coordinator,file_access_denied,20,3,1,5,1,1,1,suspicious
freya,sales,Sales Executive,login_failure,4,2,1,4,1,1,1,suspicious
sophie,finance,Payroll Administrator,file_access_denied,20,4,1,4,1,1,1,suspicious
theo,sales,Junior Sales Executive,login_failure,5,4,3,6,1,1,0,suspicious
callum,it,IT Support Technician,file_access_denied,23,1,2,5,1,1,0,suspicious
grace,finance,Finance Manager,login_failure,3,1,1,5,1,0,1,suspicious
rosie,sales,Sales Support Coordinator,file_access_denied,23,3,1,6,1,0,0,suspicious
isla,hr,Recruitment Advisor,file_access_denied,3,2,1,4,1,1,1,suspicious
archie,hr,HR Assistant,login_failure,3,3,1,3,1,1,1,suspicious
mason,hr,Recruitment Coordinator,file_access_denied,23,4,2,4,1,1,0,suspicious
daisy,sales,Business Development Executive,file_access_denied,5,2,2,5,1,0,1,suspicious
olivia,finance,Financial Reporting Accountant,login_failure,19,2,1,5,1,1,0,suspicious
harry,hr,People Operations Administrator,file_access_denied,1,3,3,3,1,1,0,suspicious
poppy,sales,Sales Administrator,login_failure,6,3,2,5,1,0,0,suspicious
oscar,sales,Sales Executive,file_access_denied,23,4,1,5,1,1,1,suspicious
lily,hr,HR Assistant,login_failure,23,2,3,5,1,1,1,suspicious
rosie,sales,Sales Support Coordinator,login_failure,23,2,1,5,1,1,0,suspicious
sophie,finance,Payroll Administrator,file_access_denied,1,2,2,4,1,1,1,suspicious
mia,hr,HR Administrator,file_access_denied,22,1,2,6,1,1,1,suspicious
hannah,it,Security Administrator,file_access_denied,21,4,3,5,1,1,0,suspicious
oscar,sales,Sales Executive,login_failure,0,3,1,4,1,1,0,suspicious
callum,it,IT Support Technician,login_failure,6,4,3,5,1,1,0,suspicious
daniel,finance,Senior Accountant,login_failure,5,4,2,3,1,1,1,suspicious
millie,sales,Account Executive,file_access_denied,0,2,2,5,1,0,1,suspicious
callum,it,IT Support Technician,file_access_denied,1,4,1,6,1,0,0,suspicious
erin,it,Identity and Access Administrator,file_access_denied,19,3,1,6,1,0,1,suspicious
olivia,finance,Financial Reporting Accountant,login_failure,22,3,1,4,1,1,0,suspicious
mason,hr,Recruitment Coordinator,file_access_denied,22,4,2,3,1,0,0,suspicious
harry,hr,People Operations Administrator,login_failure,20,2,1,5,1,0,0,suspicious
lily,hr,HR Assistant,file_access_denied,22,4,1,5,1,1,1,suspicious
rosie,sales,Sales Support Coordinator,file_access_denied,23,4,3,3,1,1,1,suspicious
charlie,sales,Sales Support Assistant,login_failure,6,2,1,6,1,1,0,suspicious
mason,hr,Recruitment Coordinator,login_failure,0,1,3,5,1,0,0,suspicious
lucas,sales,Sales Manager,file_access_denied,0,4,1,6,1,0,0,suspicious
lily,hr,HR Assistant,login_failure,6,1,3,6,1,1,0,suspicious
noah,finance,Credit Controller,login_failure,23,4,3,4,1,0,1,suspicious
daisy,sales,Business Development Executive,file_access_denied,20,1,2,6,1,0,0,suspicious
archie,hr,HR Assistant,file_access_denied,6,3,3,6,1,0,0,suspicious
oscar,sales,Sales Executive,file_access_denied,3,1,1,3,1,0,0,suspicious
oscar,sales,Sales Executive,file_access_denied,23,2,1,6,1,1,0,suspicious
callum,it,IT Support Technician,file_access_denied,2,3,2,3,1,0,0,suspicious
lily,hr,HR Assistant,login_failure,23,2,1,3,1,0,1,suspicious
mason,hr,Recruitment Coordinator,file_access_denied,22,1,1,3,1,0,0,suspicious
charlie,sales,Sales Support Assistant,login_failure,23,3,3,6,1,1,1,suspicious
zoe,it,Systems Administrator,file_access_denied,21,4,2,3,1,0,1,suspicious
liam,finance,Finance Assistant,file_access_denied,2,2,3,5,1,1,1,suspicious
ethan,hr,HR Advisor,file_access_denied,23,4,2,4,1,1,0,suspicious
sophie,finance,Payroll Administrator,login_failure,0,2,3,3,1,1,1,suspicious
sam,it,Junior IT Support Technician,file_access_denied,5,1,2,4,1,1,0,suspicious
george,sales,Business Development Executive,login_failure,1,3,2,4,1,0,1,suspicious
megan,it,IT Support Engineer,file_access_denied,23,3,3,6,1,0,0,suspicious
mia,hr,HR Administrator,file_access_denied,21,3,1,3,1,0,1,suspicious
harry,hr,People Operations Administrator,file_access_denied,22,1,3,5,1,0,0,suspicious
zoe,it,Systems Administrator,file_access_denied,22,1,2,6,1,0,0,suspicious
oscar,sales,Sales Executive,login_failure,2,4,1,6,1,1,1,suspicious
chloe,hr,HR Advisor,login_failure,19,4,3,5,1,0,1,suspicious
mason,hr,Recruitment Coordinator,login_failure,21,2,2,4,1,1,0,suspicious
chloe,hr,HR Advisor,file_access_denied,22,1,1,3,1,1,0,suspicious
lily,hr,HR Assistant,login_failure,21,2,2,6,1,1,0,suspicious
freya,sales,Sales Executive,login_failure,2,2,2,5,1,1,0,suspicious
emma,finance,Accounts Payable Assistant,file_access_denied,2,2,2,4,1,0,0,suspicious
isla,hr,Recruitment Advisor,file_access_denied,19,1,1,4,1,1,0,suspicious
freya,sales,Sales Executive,file_access_denied,22,1,3,5,1,0,0,suspicious
chloe,hr,HR Advisor,file_access_denied,1,3,2,5,1,0,1,suspicious
alex,it,IT Manager,file_access_denied,3,3,3,4,1,0,1,suspicious
george,sales,Business Development Executive,file_access_denied,19,2,3,4,1,0,0,suspicious
owen,it,Endpoint Administrator,login_failure,20,4,1,4,1,1,1,suspicious
ruby,sales,Sales Executive,file_access_denied,22,1,2,5,1,0,0,suspicious
mason,hr,Recruitment Coordinator,file_access_denied,23,3,3,5,1,1,1,suspicious
sarah,hr,HR Manager,file_access_denied,1,2,2,5,1,0,1,suspicious
freya,sales,Sales Executive,file_access_denied,4,4,1,4,1,0,1,suspicious
alex,it,IT Manager,login_failure,1,1,1,6,1,0,0,suspicious
daniel,finance,Senior Accountant,file_access_denied,0,1,1,5,1,1,1,suspicious
ethan,hr,HR Advisor,login_failure,21,4,1,6,1,1,1,suspicious
grace,finance,Finance Manager,login_failure,23,3,2,4,1,1,0,suspicious
lily,hr,HR Assistant,login_failure,23,4,1,6,1,1,0,suspicious
victoria,office_admin,Office Manager,file_access_denied,23,2,3,6,1,1,1,suspicious
archie,hr,HR Assistant,file_access_denied,4,1,2,5,1,0,1,suspicious
leo,hr,Learning and Development Coordinator,login_failure,23,4,1,3,1,1,1,suspicious
liam,finance,Finance Assistant,login_failure,19,3,1,6,1,1,1,suspicious
zoe,it,Systems Administrator,login_failure,23,3,2,3,1,0,0,suspicious
theo,sales,Junior Sales Executive,file_access_denied,3,4,2,3,1,1,1,suspicious
daniel,finance,Senior Accountant,login_failure,19,4,2,3,1,1,0,suspicious
jack,sales,Senior Sales Executive,login_failure,0,3,3,5,1,0,1,suspicious
ava,hr,Employee Relations Advisor,file_access_denied,0,2,2,6,1,0,1,suspicious
oscar,sales,Sales Executive,file_access_denied,2,4,1,6,1,1,0,suspicious
nathan,it,Senior Systems Administrator,file_access_denied,20,2,1,5,1,0,1,suspicious
ella,sales,Senior Sales Executive,file_access_denied,20,4,2,5,1,0,1,suspicious
jack,sales,Senior Sales Executive,login_failure,5,2,3,4,1,1,1,suspicious
jake,finance,Financial Analyst,file_access_denied,19,3,1,4,1,1,1,suspicious
ava,hr,Employee Relations Advisor,login_failure,20,4,2,5,1,1,0,suspicious
rosie,sales,Sales Support Coordinator,login_failure,3,2,2,3,1,1,0,suspicious
mason,hr,Recruitment Coordinator,file_access_denied,22,3,2,4,1,0,0,suspicious
freya,sales,Sales Executive,file_access_denied,4,2,1,3,1,1,0,suspicious
ella,sales,Senior Sales Executive,file_access_denied,6,3,3,6,1,0,1,suspicious
ruby,sales,Sales Executive,login_failure,2,1,3,3,1,0,0,suspicious
ethan,hr,HR Advisor,file_access_denied,4,4,3,4,1,0,1,suspicious
emma,finance,Accounts Payable Assistant,file_access_denied,0,4,3,6,1,0,1,suspicious
leo,hr,Learning and Development Coordinator,file_access_denied,21,2,2,4,1,1,1,suspicious
erin,it,Identity and Access Administrator,login_failure,23,3,2,3,1,0,1,suspicious
ava,hr,Employee Relations Advisor,login_failure,22,1,1,4,1,1,0,suspicious
ruby,sales,Sales Executive,login_failure,22,1,1,3,1,0,1,suspicious
ava,hr,Employee Relations Advisor,login_failure,6,1,1,3,1,0,0,suspicious
noah,finance,Credit Controller,login_failure,3,4,1,5,1,0,0,suspicious
isla,hr,Recruitment Advisor,login_failure,21,2,2,5,1,0,1,suspicious
lucy,it,Monitoring and Logging Analyst,file_access_denied,3,2,1,3,1,0,0,suspicious
leo,hr,Learning and Development Coordinator,login_failure,3,3,3,5,1,0,1,suspicious
sophie,finance,Payroll Administrator,file_access_denied,6,2,3,6,1,0,0,suspicious
victoria,office_admin,Office Manager,login_failure,6,1,2,5,1,0,1,suspicious
archie,hr,HR Assistant,login_failure,0,3,2,4,1,0,0,suspicious
alfie,sales,Sales Executive,login_failure,20,2,3,3,1,1,0,suspicious
mia,hr,HR Administrator,file_access_denied,0,2,3,3,1,0,1,suspicious
lucy,it,Monitoring and Logging Analyst,login_failure,22,2,2,6,1,1,1,suspicious
daisy,sales,Business Development Executive,login_failure,5,3,1,6,1,1,1,suspicious
jake,finance,Financial Analyst,file_access_denied,5,4,3,6,1,0,0,suspicious
leo,hr,Learning and Development Coordinator,login_failure,2,4,3,5,1,1,1,suspicious
freya,sales,Sales Executive,login_failure,1,3,2,5,1,1,1,suspicious
harry,hr,People Operations Administrator,file_access_denied,6,1,2,3,1,1,1,suspicious
victoria,office_admin,Office Manager,login_failure,4,2,2,6,1,1,0,suspicious
sophie,finance,Payroll Administrator,file_access_denied,1,2,3,3,1,1,1,suspicious
adam,it,Senior IT Support Engineer,file_access_denied,20,4,2,4,1,1,1,suspicious
freya,sales,Sales Executive,login_failure,3,4,1,6,1,0,0,suspicious
sophie,finance,Payroll Administrator,login_failure,5,4,3,3,1,0,0,suspicious
sarah,hr,HR Manager,login_failure,3,1,3,3,1,0,1,suspicious
alfie,sales,Sales Executive,login_failure,23,2,1,5,1,1,0,suspicious
poppy,sales,Sales Administrator,file_access_denied,6,4,2,4,1,0,1,suspicious
noah,finance,Credit Controller,file_access_denied,6,4,3,5,1,1,1,suspicious
archie,hr,HR Assistant,file_access_denied,0,4,1,3,1,1,1,suspicious
sam,it,Junior IT Support Technician,login_failure,5,4,3,6,1,1,1,suspicious
harry,hr,People Operations Administrator,login_failure,23,4,1,6,1,0,0,suspicious
millie,sales,Account Executive,login_failure,6,4,3,5,1,0,1,suspicious
henry,sales,Account Executive,login_failure,21,3,1,5,1,1,1,suspicious
freya,sales,Sales Executive,login_failure,3,2,1,3,1,0,1,suspicious
henry,sales,Account Executive,login_failure,20,1,3,6,1,1,1,suspicious
nina,office_admin,Site Administrator,file_access_denied,22,1,1,5,1,1,1,suspicious
lucas,sales,Sales Manager,login_failure,20,2,2,3,1,0,0,suspicious
erin,it,Identity and Access Administrator,login_failure,5,2,1,3,1,1,0,suspicious
george,sales,Business Development Executive,login_failure,23,1,2,6,1,1,0,suspicious
erin,it,Identity and Access Administrator,login_failure,2,4,3,4,1,1,0,suspicious
sophie,finance,Payroll Administrator,login_failure,23,3,2,4,1,1,0,suspicious
freya,sales,Sales Executive,file_access_denied,23,3,1,6,1,0,0,suspicious
mia,hr,HR Administrator,login_failure,4,4,1,3,1,1,1,suspicious
megan,it,IT Support Engineer,file_access_denied,22,2,2,5,1,1,1,suspicious
mason,hr,Recruitment Coordinator,login_failure,19,1,3,6,1,0,1,suspicious
noah,finance,Credit Controller,file_access_denied,19,4,3,3,1,0,0,suspicious
alex,it,IT Manager,login_failure,19,3,1,4,1,1,1,suspicious
jake,finance,Financial Analyst,file_access_denied,19,2,2,4,1,1,1,suspicious
archie,hr,HR Assistant,file_access_denied,19,2,1,4,1,0,0,suspicious
leo,hr,Learning and Development Coordinator,login_failure,19,4,3,5,1,1,1,suspicious
victoria,office_admin,Office Manager,file_access_denied,2,4,3,5,1,0,1,suspicious
daniel,finance,Senior Accountant,login_failure,23,3,2,6,1,1,0,suspicious
millie,sales,Account Executive,login_failure,2,4,1,6,1,1,0,suspicious
ella,sales,Senior Sales Executive,login_failure,22,4,2,6,1,1,1,suspicious
ben,office_admin,Deputy Office Manager,login_failure,0,1,1,6,1,0,1,suspicious
alfie,sales,Sales Executive,login_failure,19,4,3,3,1,0,1,suspicious
charlie,sales,Sales Support Assistant,file_access_denied,23,2,1,6,1,0,0,suspicious
nina,office_admin,Site Administrator,file_access_denied,2,2,2,3,1,1,0,suspicious
lily,hr,HR Assistant,file_access_denied,6,3,3,6,1,0,0,suspicious
grace,finance,Finance Manager,file_access_denied,5,2,2,4,1,0,0,suspicious
isla,hr,Recruitment Advisor,login_failure,21,3,1,6,1,1,1,suspicious
jake,finance,Financial Analyst,login_failure,5,3,1,5,1,0,0,suspicious
george,sales,Business Development Executive,file_access_denied,22,4,2,6,1,0,1,suspicious
alex,it,IT Manager,login_failure,4,2,1,5,1,0,0,suspicious
sophie,finance,Payroll Administrator,login_failure,4,3,3,4,1,0,1,suspicious
rosie,sales,Sales Support Coordinator,file_access_denied,21,2,3,5,1,1,1,suspicious
sarah,hr,HR Manager,login_failure,1,4,2,6,1,0,1,suspicious
ben,office_admin,Deputy Office Manager,file_access_denied,22,1,1,5,1,1,1,suspicious
adam,it,Senior IT Support Engineer,login_failure,21,1,1,4,1,0,1,suspicious
isla,hr,Recruitment Advisor,login_failure,20,3,1,5,1,1,0,suspicious
amelia,hr,Senior HR Advisor,file_access_denied,19,4,3,3,1,1,0,suspicious
megan,it,IT Support Engineer,login_failure,19,1,3,3,1,0,0,suspicious
ben,office_admin,Deputy Office Manager,file_access_denied,0,1,2,5,1,0,1,suspicious
lily,hr,HR Assistant,login_failure,1,2,3,3,1,0,0,suspicious
charlie,sales,Sales Support Assistant,login_failure,6,2,2,6,1,1,1,suspicious
ryan,it,Network Administrator,file_access_denied,0,2,3,4,1,1,0,suspicious
lucy,it,Monitoring and Logging Analyst,file_access_denied,3,3,2,3,1,0,1,suspicious
adam,it,Senior IT Support Engineer,login_failure,21,4,1,5,1,0,0,suspicious
charlie,sales,Sales Support Assistant,file_access_denied,23,4,1,6,1,1,1,suspicious
callum,it,IT Support Technician,login_failure,19,2,3,4,1,0,0,suspicious
noah,finance,Credit Controller,file_access_denied,19,3,2,3,1,1,1,suspicious
megan,it,IT Support Engineer,file_access_denied,6,4,1,3,1,1,1,suspicious
owen,it,Endpoint Administrator,login_failure,1,2,1,4,1,1,0,suspicious
daisy,sales,Business Development Executive,file_access_denied,4,4,2,4,1,1,1,suspicious
sophie,finance,Payroll Administrator,login_failure,3,2,2,3,1,1,0,suspicious
george,sales,Business Development Executive,login_failure,0,1,2,4,1,0,0,suspicious
theo,sales,Junior Sales Executive,login_failure,0,3,2,5,1,0,0,suspicious
ella,sales,Senior Sales Executive,login_failure,21,3,1,3,1,1,0,suspicious
victoria,office_admin,Office Manager,login_failure,20,4,2,4,1,1,0,suspicious
harry,hr,People Operations Administrator,login_failure,21,3,2,4,1,1,0,suspicious
noah,finance,Credit Controller,login_failure,5,2,2,6,1,1,0,suspicious
george,sales,Business Development Executive,login_failure,19,2,2,4,1,0,0,suspicious
amelia,hr,Senior HR Advisor,login_failure,5,1,2,6,1,1,0,suspicious
amelia,hr,Senior HR Advisor,login_failure,0,2,2,5,1,1,1,suspicious
leo,hr,Learning and Development Coordinator,file_access_denied,21,4,2,3,1,0,1,suspicious
alex,it,IT Manager,file_access_denied,20,2,3,4,1,1,0,suspicious
ava,hr,Employee Relations Advisor,login_failure,23,4,2,6,1,0,1,suspicious
victoria,office_admin,Office Manager,login_failure,21,1,1,3,1,0,1,suspicious
lily,hr,HR Assistant,login_failure,0,3,1,4,1,1,0,suspicious
poppy,sales,Sales Administrator,login_failure,6,3,1,3,1,1,1,suspicious
daniel,finance,Senior Accountant,file_access_denied,23,4,1,6,1,0,1,suspicious
harry,hr,People Operations Administrator,login_failure,20,3,3,4,1,0,0,suspicious
nina,office_admin,Site Administrator,file_access_denied,19,4,3,4,1,1,1,suspicious
ethan,hr,HR Advisor,login_failure,21,2,1,6,1,0,0,suspicious
sam,it,Junior IT Support Technician,login_failure,23,3,3,6,1,0,1,suspicious
theo,sales,Junior Sales Executive,login_failure,2,3,3,3,1,0,0,suspicious
zoe,it,Systems Administrator,login_failure,21,3,1,4,1,0,0,suspicious
ella,sales,Senior Sales Executive,file_access_denied,21,1,3,5,1,0,0,suspicious
rosie,sales,Sales Support Coordinator,file_access_denied,4,4,1,3,1,1,0,suspicious
mason,hr,Recruitment Coordinator,login_failure,5,2,2,5,1,1,1,suspicious
isla,hr,Recruitment Advisor,login_failure,23,2,1,6,1,1,0,suspicious
adam,it,Senior IT Support Engineer,file_access_denied,0,4,1,5,1,0,0,suspicious
george,sales,Business Development Executive,file_access_denied,6,1,3,6,1,1,0,suspicious
mia,hr,HR Administrator,login_failure,6,2,3,6,1,0,1,suspicious
leo,hr,Learning and Development Coordinator,file_access_denied,22,1,1,6,1,0,1,suspicious
harry,hr,People Operations Administrator,file_access_denied,21,1,1,6,1,0,1,suspicious
theo,sales,Junior Sales Executive,file_access_denied,2,3,2,6,1,0,0,suspicious
lucas,sales,Sales Manager,file_access_denied,22,3,1,4,1,1,0,suspicious
ava,hr,Employee Relations Advisor,login_failure,3,1,1,6,1,0,0,suspicious
mia,hr,HR Administrator,file_access_denied,3,4,3,4,1,1,1,suspicious
rosie,sales,Sales Support Coordinator,file_access_denied,4,4,1,3,1,0,1,suspicious
ella,sales,Senior Sales Executive,login_failure,4,2,1,3,1,1,1,suspicious
oscar,sales,Sales Executive,login_failure,20,2,3,3,1,1,1,suspicious
henry,sales,Account Executive,file_access_denied,22,4,1,6,1,1,1,suspicious
daisy,sales,Business Development Executive,login_failure,22,4,3,6,1,1,1,suspicious
ava,hr,Employee Relations Advisor,file_access_denied,3,2,1,4,1,1,0,suspicious
mason,hr,Recruitment Coordinator,file_access_denied,19,3,2,4,1,0,1,suspicious
ben,office_admin,Deputy Office Manager,login_failure,19,4,3,3,1,1,0,suspicious
ava,hr,Employee Relations Advisor,login_failure,19,4,3,6,1,1,0,suspicious
george,sales,Business Development Executive,login_failure,5,3,2,6,1,1,0,suspicious
grace,finance,Finance Manager,file_access_denied,23,1,3,3,1,0,1,suspicious
ruby,sales,Sales Executive,login_failure,22,3,2,5,1,0,0,suspicious
liam,finance,Finance Assistant,login_failure,22,4,1,6,1,1,1,suspicious
mia,hr,HR Administrator,login_failure,22,3,2,6,1,0,1,suspicious
ethan,hr,HR Advisor,file_access_denied,5,2,3,5,1,1,0,suspicious
nathan,it,Senior Systems Administrator,file_access_denied,19,4,2,3,1,1,1,suspicious
daniel,finance,Senior Accountant,file_access_denied,20,3,3,5,1,0,1,suspicious
harry,hr,People Operations Administrator,file_access_denied,23,3,3,5,1,0,1,suspicious
liam,finance,Finance Assistant,login_failure,1,4,2,3,1,1,0,suspicious
freya,sales,Sales Executive,file_access_denied,20,1,2,5,1,1,0,suspicious
lucy,it,Monitoring and Logging Analyst,file_access_denied,0,3,3,4,1,0,0,suspicious
daniel,finance,Senior Accountant,login_failure,20,3,3,5,1,1,0,suspicious
adam,it,Senior IT Support Engineer,login_failure,19,4,2,6,1,1,0,suspicious
grace,finance,Finance Manager,file_access_denied,20,1,1,6,1,0,0,suspicious
lily,hr,HR Assistant,file_access_denied,22,1,3,4,1,0,1,suspicious
lucas,sales,Sales Manager,login_failure,1,3,1,3,1,1,1,suspicious
rosie,sales,Sales Support Coordinator,file_access_denied,19,4,1,6,1,1,0,suspicious
millie,sales,Account Executive,login_failure,22,3,3,3,1,1,1,suspicious
lily,hr,HR Assistant,file_access_denied,3,4,3,6,1,1,1,suspicious
ethan,hr,HR Advisor,login_failure,2,4,3,6,1,1,0,suspicious
olivia,finance,Financial Reporting Accountant,login_failure,20,2,1,6,1,1,1,suspicious
lucy,it,Monitoring and Logging Analyst,login_failure,21,2,3,3,1,1,0,suspicious
sarah,hr,HR Manager,login_failure,1,4,3,5,1,0,0,suspicious
daisy,sales,Business Development Executive,login_failure,19,3,1,6,1,0,1,suspicious
adam,it,Senior IT Support Engineer,file_access_denied,4,3,1,3,1,1,0,suspicious
olivia,finance,Financial Reporting Accountant,file_access_denied,3,3,2,4,1,1,1,suspicious
poppy,sales,Sales Administrator,login_failure,1,2,2,5,1,0,1,suspicious
harry,hr,People Operations Administrator,login_failure,2,3,1,3,1,0,0,suspicious
owen,it,Endpoint Administrator,login_failure,23,1,1,5,1,0,1,suspicious
grace,finance,Finance Manager,login_failure,19,4,1,6,1,1,0,suspicious
leo,hr,Learning and Development Coordinator,file_access_denied,23,4,3,6,1,1,0,suspicious
daniel,finance,Senior Accountant,file_access_denied,23,3,2,3,1,1,1,suspicious
megan,it,IT Support Engineer,login_failure,6,4,3,5,1,0,0,suspicious
harry,hr,People Operations Administrator,file_access_denied,21,4,1,5,1,0,0,suspicious
emma,finance,Accounts Payable Assistant,login_failure,20,4,1,6,1,0,0,suspicious
ruby,sales,Sales Executive,login_failure,2,1,3,6,1,1,1,suspicious
harry,hr,People Operations Administrator,login_failure,2,2,1,3,1,1,1,suspicious
ava,hr,Employee Relations Advisor,login_failure,23,1,1,6,1,0,1,suspicious
harry,hr,People Operations Administrator,login_failure,19,2,3,6,1,1,0,suspicious
olivia,finance,Financial Reporting Accountant,file_access_denied,21,4,2,3,1,0,0,suspicious
archie,hr,HR Assistant,login_failure,19,2,3,6,1,0,1,suspicious
lucy,it,Monitoring and Logging Analyst,login_failure,5,2,1,6,1,0,0,suspicious
ben,office_admin,Deputy Office Manager,login_failure,20,4,2,4,1,0,0,suspicious
sam,it,Junior IT Support Technician,file_access_denied,21,1,1,5,1,0,0,suspicious
ethan,hr,HR Advisor,login_failure,2,1,2,3,1,1,0,suspicious
freya,sales,Sales Executive,file_access_denied,1,1,1,4,1,0,1,suspicious
olivia,finance,Financial Reporting Accountant,login_failure,20,1,1,3,1,1,1,suspicious
harry,hr,People Operations Administrator,file_access_denied,4,3,1,3,1,1,1,suspicious
isla,hr,Recruitment Advisor,login_failure,5,3,1,5,1,0,0,suspicious
lucy,it,Monitoring and Logging Analyst,file_access_denied,23,3,2,5,1,1,0,suspicious
lily,hr,HR Assistant,file_access_denied,4,3,2,5,1,0,1,suspicious
alfie,sales,Sales Executive,login_failure,0,3,2,3,1,1,1,suspicious
callum,it,IT Support Technician,login_failure,21,1,2,4,1,1,0,suspicious
mia,hr,HR Administrator,file_access_denied,22,1,3,6,1,1,0,suspicious
lily,hr,HR Assistant,login_failure,0,3,2,3,1,1,0,suspicious
alex,it,IT Manager,file_access_denied,21,1,3,5,1,0,0,suspicious
isla,hr,Recruitment Advisor,file_access_denied,0,4,2,5,1,0,0,suspicious
ryan,it,Network Administrator,file_access_denied,1,3,1,3,1,1,0,suspicious
sam,it,Junior IT Support Technician,login_failure,20,1,1,6,1,1,1,suspicious
archie,hr,HR Assistant,login_failure,20,4,1,6,1,0,1,suspicious
ryan,it,Network Administrator,login_failure,4,2,2,5,1,1,0,suspicious
chloe,hr,HR Advisor,file_access_denied,6,1,2,6,1,0,1,suspicious
sam,it,Junior IT Support Technician,file_access_denied,22,3,2,5,1,1,1,suspicious
jake,finance,Financial Analyst,login_failure,4,3,3,6,1,1,0,suspicious
ben,office_admin,Deputy Office Manager,file_access_denied,21,2,1,3,1,1,0,suspicious
sarah,hr,HR Manager,login_failure,2,4,2,5,1,0,1,suspicious
ella,sales,Senior Sales Executive,file_access_denied,20,1,1,4,1,0,1,suspicious
lucy,it,Monitoring and Logging Analyst,login_failure,3,1,3,5,1,1,0,suspicious
harry,hr,People Operations Administrator,login_failure,1,2,3,3,1,1,1,suspicious
adam,it,Senior IT Support Engineer,file_access_denied,23,3,3,4,1,1,0,suspicious
henry,sales,Account Executive,file_access_denied,19,3,1,3,1,1,0,suspicious
jake,finance,Financial Analyst,file_access_denied,22,4,2,4,1,1,1,suspicious
grace,finance,Finance Manager,login_failure,23,4,2,5,1,1,1,suspicious
victoria,office_admin,Office Manager,file_access_denied,23,3,1,4,1,1,1,suspicious
mia,hr,HR Administrator,login_failure,23,3,1,3,1,1,1,suspicious
sarah,hr,HR Manager,login_failure,22,3,1,3,1,1,0,suspicious
george,sales,Business Development Executive,login_failure,22,4,2,3,1,1,0,suspicious
lucas,sales,Sales Manager,login_failure,19,1,3,5,1,0,0,suspicious
emma,finance,Accounts Payable Assistant,login_failure,22,4,1,6,1,1,1,suspicious
mason,hr,Recruitment Coordinator,login_failure,6,2,1,6,1,0,0,suspicious
freya,sales,Sales Executive,file_access_denied,1,2,3,5,1,1,0,suspicious
emma,finance,Accounts Payable Assistant,login_failure,2,1,3,6,1,0,1,suspicious
charlie,sales,Sales Support Assistant,login_failure,22,1,3,6,1,0,0,suspicious
hannah,it,Security Administrator,file_access_denied,23,2,3,4,1,0,0,suspicious
leo,hr,Learning and Development Coordinator,file_access_denied,23,2,2,3,1,1,1,suspicious
archie,hr,HR Assistant,login_failure,23,3,1,6,1,1,0,suspicious
freya,sales,Sales Executive,login_failure,20,2,2,6,1,0,0,suspicious
ben,office_admin,Deputy Office Manager,file_access_denied,4,3,3,4,1,0,1,suspicious
lily,hr,HR Assistant,file_access_denied,21,4,3,5,1,0,1,suspicious
liam,finance,Finance Assistant,file_access_denied,5,2,2,3,1,0,0,suspicious
daniel,finance,Senior Accountant,file_access_denied,0,2,1,5,1,0,1,suspicious
ben,office_admin,Deputy Office Manager,login_failure,20,1,1,6,1,0,1,suspicious
ben,office_admin,Deputy Office Manager,file_access_denied,22,1,1,4,1,1,1,suspicious
jack,sales,Senior Sales Executive,file_access_denied,2,3,3,4,1,1,1,suspicious
ryan,it,Network Administrator,login_failure,4,1,2,4,1,1,0,suspicious
sarah,hr,HR Manager,login_failure,0,3,2,3,1,1,1,suspicious
rosie,sales,Sales Support Coordinator,file_access_denied,23,1,3,5,1,1,0,suspicious
olivia,finance,Financial Reporting Accountant,login_failure,21,1,2,3,1,0,0,suspicious
nathan,it,Senior Systems Administrator,file_access_denied,23,2,2,4,1,1,1,suspicious
archie,hr,HR Assistant,login_failure,4,1,1,5,1,0,1,suspicious
theo,sales,Junior Sales Executive,file_access_denied,22,3,6,6,1,1,0,malicious
lucy,it,Monitoring and Logging Analyst,file_access_denied,22,5,5,11,1,1,0,malicious
lucy,it,Monitoring and Logging Analyst,file_access_denied,20,4,6,11,1,1,0,malicious
ben,office_admin,Deputy Office Manager,file_access_denied,3,6,4,12,1,1,0,malicious
lily,hr,HR Assistant,login_failure,20,3,5,8,1,1,0,malicious
ryan,it,Network Administrator,file_access_denied,23,6,6,11,1,1,0,malicious
millie,sales,Account Executive,login_failure,4,6,3,10,1,1,1,malicious
ethan,hr,HR Advisor,file_access_denied,22,8,3,8,1,1,0,malicious
freya,sales,Sales Executive,login_failure,1,6,4,9,1,1,1,malicious
sam,it,Junior IT Support Technician,file_access_denied,22,7,3,7,1,1,0,malicious
liam,finance,Finance Assistant,file_access_denied,21,5,6,7,1,1,1,malicious
theo,sales,Junior Sales Executive,login_failure,23,5,6,10,1,1,1,malicious
archie,hr,HR Assistant,file_access_denied,1,4,3,10,1,1,1,malicious
leo,hr,Learning and Development Coordinator,login_failure,3,8,6,11,1,1,0,malicious
olivia,finance,Financial Reporting Accountant,login_failure,22,8,4,8,1,1,0,malicious
olivia,finance,Financial Reporting Accountant,login_failure,0,8,6,8,1,1,1,malicious
amelia,hr,Senior HR Advisor,file_access_denied,4,4,5,5,1,1,0,malicious
hannah,it,Security Administrator,file_access_denied,20,5,5,7,1,1,0,malicious
leo,hr,Learning and Development Coordinator,file_access_denied,4,5,8,7,1,1,1,malicious
mia,hr,HR Administrator,login_failure,20,3,5,8,1,1,1,malicious
ella,sales,Senior Sales Executive,login_failure,20,6,6,5,1,1,1,malicious
mason,hr,Recruitment Coordinator,file_access_denied,22,4,6,12,1,1,0,malicious
chloe,hr,HR Advisor,login_failure,5,6,7,10,1,1,0,malicious
ben,office_admin,Deputy Office Manager,file_access_denied,21,7,3,6,1,1,1,malicious
zoe,it,Systems Administrator,login_failure,20,8,4,12,1,1,1,malicious
leo,hr,Learning and Development Coordinator,login_failure,22,7,7,10,1,1,1,malicious
millie,sales,Account Executive,login_failure,20,5,7,11,1,1,0,malicious
lucy,it,Monitoring and Logging Analyst,file_access_denied,23,4,6,5,1,1,0,malicious
ryan,it,Network Administrator,file_access_denied,0,6,5,11,1,1,1,malicious
ethan,hr,HR Advisor,file_access_denied,23,5,4,11,1,1,1,malicious
ryan,it,Network Administrator,login_failure,20,3,3,9,1,1,1,malicious
george,sales,Business Development Executive,file_access_denied,20,4,6,8,1,1,0,malicious
harry,hr,People Operations Administrator,file_access_denied,20,3,5,11,1,1,1,malicious
zoe,it,Systems Administrator,file_access_denied,3,8,8,9,1,1,1,malicious
oscar,sales,Sales Executive,file_access_denied,0,8,7,6,1,1,0,malicious
george,sales,Business Development Executive,file_access_denied,23,6,3,5,1,1,1,malicious
nina,office_admin,Site Administrator,file_access_denied,1,6,7,12,1,1,0,malicious
lucas,sales,Sales Manager,login_failure,23,7,8,6,1,1,1,malicious
leo,hr,Learning and Development Coordinator,login_failure,23,5,5,5,1,1,0,malicious
alex,it,IT Manager,login_failure,21,8,4,7,1,1,0,malicious
nathan,it,Senior Systems Administrator,login_failure,20,7,3,12,1,1,1,malicious
ella,sales,Senior Sales Executive,file_access_denied,22,4,8,12,1,1,0,malicious
chloe,hr,HR Advisor,file_access_denied,22,3,8,10,1,1,0,malicious
emma,finance,Accounts Payable Assistant,login_failure,22,3,6,10,1,1,0,malicious
adam,it,Senior IT Support Engineer,file_access_denied,3,5,5,7,1,1,1,malicious
alex,it,IT Manager,login_failure,20,8,4,9,1,1,1,malicious
jake,finance,Financial Analyst,login_failure,1,3,3,9,1,1,1,malicious
ella,sales,Senior Sales Executive,login_failure,0,3,6,8,1,1,1,malicious
ruby,sales,Sales Executive,file_access_denied,23,6,7,12,1,1,0,malicious
sam,it,Junior IT Support Technician,file_access_denied,3,8,5,6,1,1,1,malicious
isla,hr,Recruitment Advisor,file_access_denied,3,6,6,9,1,1,1,malicious
ben,office_admin,Deputy Office Manager,file_access_denied,3,4,5,11,1,1,0,malicious
alfie,sales,Sales Executive,login_failure,21,3,4,12,1,1,0,malicious
sarah,hr,HR Manager,file_access_denied,2,3,8,10,1,1,0,malicious
amelia,hr,Senior HR Advisor,file_access_denied,20,4,5,5,1,1,0,malicious
olivia,finance,Financial Reporting Accountant,file_access_denied,22,8,8,10,1,1,0,malicious
isla,hr,Recruitment Advisor,file_access_denied,23,8,4,11,1,1,0,malicious
lily,hr,HR Assistant,file_access_denied,21,7,3,9,1,1,1,malicious
owen,it,Endpoint Administrator,login_failure,0,7,7,8,1,1,1,malicious
rosie,sales,Sales Support Coordinator,file_access_denied,5,3,3,9,1,1,1,malicious
jake,finance,Financial Analyst,login_failure,2,4,7,6,1,1,1,malicious
ava,hr,Employee Relations Advisor,login_failure,2,7,8,8,1,1,1,malicious
jack,sales,Senior Sales Executive,file_access_denied,22,5,4,9,1,1,1,malicious
nathan,it,Senior Systems Administrator,login_failure,0,7,5,8,1,1,0,malicious
jack,sales,Senior Sales Executive,file_access_denied,5,5,4,5,1,1,0,malicious
lucy,it,Monitoring and Logging Analyst,login_failure,0,3,5,11,1,1,1,malicious
jack,sales,Senior Sales Executive,login_failure,22,6,3,6,1,1,1,malicious
sarah,hr,HR Manager,login_failure,20,5,3,12,1,1,0,malicious
liam,finance,Finance Assistant,login_failure,20,3,3,10,1,1,1,malicious
charlie,sales,Sales Support Assistant,file_access_denied,21,3,5,7,1,1,0,malicious
jack,sales,Senior Sales Executive,file_access_denied,5,5,4,12,1,1,0,malicious
leo,hr,Learning and Development Coordinator,login_failure,22,7,3,10,1,1,1,malicious
zoe,it,Systems Administrator,file_access_denied,20,7,6,8,1,1,0,malicious
ruby,sales,Sales Executive,file_access_denied,22,6,6,6,1,1,0,malicious
poppy,sales,Sales Administrator,login_failure,3,8,8,9,1,1,0,malicious
poppy,sales,Sales Administrator,file_access_denied,21,7,4,12,1,1,0,malicious
callum,it,IT Support Technician,file_access_denied,1,8,8,11,1,1,1,malicious
megan,it,IT Support Engineer,file_access_denied,3,5,8,9,1,1,1,malicious
charlie,sales,Sales Support Assistant,login_failure,22,4,3,6,1,1,0,malicious
ava,hr,Employee Relations Advisor,file_access_denied,21,5,8,5,1,1,1,malicious
oscar,sales,Sales Executive,file_access_denied,4,3,3,11,1,1,0,malicious
alfie,sales,Sales Executive,file_access_denied,1,3,8,8,1,1,1,malicious
ben,office_admin,Deputy Office Manager,file_access_denied,20,6,5,5,1,1,0,malicious
poppy,sales,Sales Administrator,file_access_denied,21,3,3,11,1,1,0,malicious
sarah,hr,HR Manager,login_failure,22,7,7,10,1,1,1,malicious
ben,office_admin,Deputy Office Manager,login_failure,23,3,5,11,1,1,1,malicious
amelia,hr,Senior HR Advisor,login_failure,21,7,7,9,1,1,1,malicious
sam,it,Junior IT Support Technician,login_failure,20,7,5,7,1,1,0,malicious
lily,hr,HR Assistant,file_access_denied,5,5,3,10,1,1,0,malicious
alfie,sales,Sales Executive,login_failure,4,7,4,12,1,1,1,malicious
daisy,sales,Business Development Executive,login_failure,22,3,7,11,1,1,1,malicious
emma,finance,Accounts Payable Assistant,file_access_denied,23,8,5,5,1,1,0,malicious
mason,hr,Recruitment Coordinator,login_failure,22,8,5,5,1,1,1,malicious
henry,sales,Account Executive,file_access_denied,3,5,3,7,1,1,0,malicious
poppy,sales,Sales Administrator,login_failure,2,6,6,11,1,1,0,malicious
victoria,office_admin,Office Manager,file_access_denied,0,5,8,12,1,1,0,malicious
ben,office_admin,Deputy Office Manager,file_access_denied,5,8,7,6,1,1,1,malicious
isla,hr,Recruitment Advisor,login_failure,1,8,3,7,1,1,0,malicious
leo,hr,Learning and Development Coordinator,file_access_denied,22,7,4,6,1,1,1,malicious
nina,office_admin,Site Administrator,file_access_denied,21,6,3,12,1,1,0,malicious
isla,hr,Recruitment Advisor,file_access_denied,2,3,5,12,1,1,0,malicious
olivia,finance,Financial Reporting Accountant,login_failure,0,8,4,6,1,1,0,malicious
grace,finance,Finance Manager,file_access_denied,21,4,6,8,1,1,0,malicious
erin,it,Identity and Access Administrator,file_access_denied,21,4,4,12,1,1,1,malicious
daisy,sales,Business Development Executive,file_access_denied,2,5,6,10,1,1,1,malicious
grace,finance,Finance Manager,login_failure,4,8,3,6,1,1,0,malicious
nathan,it,Senior Systems Administrator,file_access_denied,23,8,5,10,1,1,1,malicious
lucas,sales,Sales Manager,login_failure,5,8,3,8,1,1,1,malicious
amelia,hr,Senior HR Advisor,login_failure,20,7,8,5,1,1,0,malicious
amelia,hr,Senior HR Advisor,login_failure,2,4,5,11,1,1,1,malicious
ryan,it,Network Administrator,login_failure,20,8,3,5,1,1,0,malicious
harry,hr,People Operations Administrator,file_access_denied,3,3,7,11,1,1,0,malicious
leo,hr,Learning and Development Coordinator,login_failure,21,6,7,8,1,1,1,malicious
erin,it,Identity and Access Administrator,file_access_denied,22,3,7,7,1,1,0,malicious
lily,hr,HR Assistant,file_access_denied,23,7,3,12,1,1,0,malicious
nina,office_admin,Site Administrator,login_failure,22,3,6,7,1,1,0,malicious
owen,it,Endpoint Administrator,login_failure,5,6,6,12,1,1,1,malicious
george,sales,Business Development Executive,login_failure,21,6,5,9,1,1,1,malicious
hannah,it,Security Administrator,login_failure,2,5,5,6,1,1,1,malicious
owen,it,Endpoint Administrator,file_access_denied,20,4,4,8,1,1,1,malicious
henry,sales,Account Executive,file_access_denied,0,7,6,7,1,1,1,malicious
lucy,it,Monitoring and Logging Analyst,file_access_denied,5,5,3,8,1,1,0,malicious
hannah,it,Security Administrator,login_failure,21,7,6,9,1,1,0,malicious
lily,hr,HR Assistant,login_failure,5,8,8,9,1,1,0,malicious
sam,it,Junior IT Support Technician,login_failure,4,8,6,9,1,1,0,malicious
lucy,it,Monitoring and Logging Analyst,file_access_denied,20,5,5,5,1,1,0,malicious
emma,finance,Accounts Payable Assistant,login_failure,20,8,6,6,1,1,1,malicious
leo,hr,Learning and Development Coordinator,file_access_denied,3,6,5,12,1,1,0,malicious
chloe,hr,HR Advisor,file_access_denied,23,7,7,8,1,1,1,malicious
mia,hr,HR Administrator,login_failure,3,3,6,11,1,1,1,malicious
victoria,office_admin,Office Manager,file_access_denied,4,7,5,5,1,1,1,malicious
ruby,sales,Sales Executive,file_access_denied,5,5,5,7,1,1,0,malicious
leo,hr,Learning and Development Coordinator,file_access_denied,5,3,4,7,1,1,0,malicious
lucy,it,Monitoring and Logging Analyst,file_access_denied,23,5,4,8,1,1,1,malicious
theo,sales,Junior Sales Executive,login_failure,23,8,4,5,1,1,0,malicious
liam,finance,Finance Assistant,login_failure,1,8,7,7,1,1,1,malicious
poppy,sales,Sales Administrator,login_failure,20,6,6,5,1,1,1,malicious
rosie,sales,Sales Support Coordinator,file_access_denied,2,3,5,6,1,1,1,malicious
daisy,sales,Business Development Executive,login_failure,21,7,6,11,1,1,0,malicious
isla,hr,Recruitment Advisor,login_failure,20,6,6,8,1,1,0,malicious
olivia,finance,Financial Reporting Accountant,file_access_denied,20,4,5,5,1,1,0,malicious
harry,hr,People Operations Administrator,login_failure,20,5,8,11,1,1,0,malicious
emma,finance,Accounts Payable Assistant,file_access_denied,23,3,8,11,1,1,0,malicious
amelia,hr,Senior HR Advisor,login_failure,22,6,6,5,1,1,1,malicious
chloe,hr,HR Advisor,login_failure,22,4,8,5,1,1,1,malicious
leo,hr,Learning and Development Coordinator,file_access_denied,2,4,8,9,1,1,0,malicious
owen,it,Endpoint Administrator,login_failure,0,6,3,11,1,1,0,malicious
noah,finance,Credit Controller,file_access_denied,1,8,3,7,1,1,0,malicious
lucas,sales,Sales Manager,login_failure,2,4,4,5,1,1,1,malicious
chloe,hr,HR Advisor,file_access_denied,20,3,7,8,1,1,1,malicious
olivia,finance,Financial Reporting Accountant,file_access_denied,1,3,5,10,1,1,1,malicious
ryan,it,Network Administrator,login_failure,23,7,8,9,1,1,0,malicious
olivia,finance,Financial Reporting Accountant,login_failure,21,8,8,10,1,1,1,malicious
freya,sales,Sales Executive,login_failure,5,4,3,7,1,1,0,malicious
ava,hr,Employee Relations Advisor,file_access_denied,1,6,7,10,1,1,1,malicious
megan,it,IT Support Engineer,file_access_denied,20,5,7,7,1,1,1,malicious
alex,it,IT Manager,login_failure,22,8,5,9,1,1,0,malicious
ruby,sales,Sales Executive,login_failure,22,3,8,8,1,1,1,malicious
grace,finance,Finance Manager,login_failure,3,4,3,10,1,1,0,malicious
lucas,sales,Sales Manager,login_failure,4,3,5,6,1,1,0,malicious
hannah,it,Security Administrator,login_failure,23,4,8,8,1,1,0,malicious
henry,sales,Account Executive,file_access_denied,0,8,5,8,1,1,1,malicious
mason,hr,Recruitment Coordinator,file_access_denied,22,4,5,11,1,1,1,malicious
ella,sales,Senior Sales Executive,login_failure,22,3,8,9,1,1,1,malicious
archie,hr,HR Assistant,file_access_denied,1,3,3,11,1,1,1,malicious
lucas,sales,Sales Manager,file_access_denied,21,6,3,5,1,1,0,malicious
nathan,it,Senior Systems Administrator,login_failure,23,8,6,10,1,1,1,malicious
daisy,sales,Business Development Executive,file_access_denied,22,4,3,10,1,1,1,malicious
ethan,hr,HR Advisor,file_access_denied,20,7,7,10,1,1,1,malicious
callum,it,IT Support Technician,login_failure,20,7,7,12,1,1,1,malicious
ethan,hr,HR Advisor,login_failure,20,3,8,7,1,1,0,malicious
nathan,it,Senior Systems Administrator,file_access_denied,20,3,3,6,1,1,1,malicious
lily,hr,HR Assistant,login_failure,2,3,8,7,1,1,1,malicious
lucy,it,Monitoring and Logging Analyst,file_access_denied,23,7,4,10,1,1,0,malicious
hannah,it,Security Administrator,login_failure,2,3,3,10,1,1,1,malicious
theo,sales,Junior Sales Executive,file_access_denied,20,7,7,8,1,1,1,malicious
emma,finance,Accounts Payable Assistant,login_failure,5,7,3,10,1,1,0,malicious
chloe,hr,HR Advisor,file_access_denied,21,4,5,11,1,1,0,malicious
daisy,sales,Business Development Executive,file_access_denied,20,8,8,10,1,1,1,malicious
ethan,hr,HR Advisor,login_failure,21,8,3,7,1,1,1,malicious
harry,hr,People Operations Administrator,file_access_denied,1,5,3,7,1,1,1,malicious
ava,hr,Employee Relations Advisor,file_access_denied,3,3,3,7,1,1,1,malicious
ruby,sales,Sales Executive,login_failure,2,3,3,10,1,1,0,malicious
harry,hr,People Operations Administrator,file_access_denied,23,3,7,6,1,1,0,malicious
george,sales,Business Development Executive,file_access_denied,21,7,3,11,1,1,1,malicious
nina,office_admin,Site Administrator,login_failure,23,7,7,11,1,1,1,malicious
lucas,sales,Sales Manager,file_access_denied,3,7,4,5,1,1,0,malicious
freya,sales,Sales Executive,login_failure,3,5,4,7,1,1,1,malicious
ryan,it,Network Administrator,file_access_denied,23,8,5,11,1,1,0,malicious
jake,finance,Financial Analyst,login_failure,1,4,4,11,1,1,1,malicious
chloe,hr,HR Advisor,file_access_denied,21,4,4,11,1,1,0,malicious
amelia,hr,Senior HR Advisor,login_failure,5,5,8,12,1,1,0,malicious
ben,office_admin,Deputy Office Manager,login_failure,20,4,5,7,1,1,0,malicious
lucy,it,Monitoring and Logging Analyst,file_access_denied,21,8,7,7,1,1,0,malicious
victoria,office_admin,Office Manager,file_access_denied,0,3,4,9,1,1,0,malicious
poppy,sales,Sales Administrator,file_access_denied,21,7,7,12,1,1,0,malicious
leo,hr,Learning and Development Coordinator,file_access_denied,22,6,3,7,1,1,1,malicious
ava,hr,Employee Relations Advisor,login_failure,22,8,8,5,1,1,1,malicious
rosie,sales,Sales Support Coordinator,login_failure,21,5,7,11,1,1,0,malicious
ethan,hr,HR Advisor,file_access_denied,23,7,8,9,1,1,0,malicious
victoria,office_admin,Office Manager,login_failure,23,8,8,7,1,1,1,malicious
daniel,finance,Senior Accountant,login_failure,0,8,5,8,1,1,1,malicious
lily,hr,HR Assistant,login_failure,2,3,8,9,1,1,0,malicious
theo,sales,Junior Sales Executive,login_failure,1,6,6,7,1,1,0,malicious
daniel,finance,Senior Accountant,file_access_denied,23,4,7,12,1,1,0,malicious
george,sales,Business Development Executive,file_access_denied,21,7,4,9,1,1,0,malicious
nathan,it,Senior Systems Administrator,login_failure,5,7,5,8,1,1,1,malicious
george,sales,Business Development Executive,login_failure,21,4,6,12,1,1,0,malicious
alex,it,IT Manager,file_access_denied,21,8,6,11,1,1,0,malicious
daniel,finance,Senior Accountant,login_failure,0,8,3,10,1,1,0,malicious
jack,sales,Senior Sales Executive,login_failure,20,5,5,9,1,1,0,malicious
harry,hr,People Operations Administrator,login_failure,5,6,5,12,1,1,0,malicious
olivia,finance,Financial Reporting Accountant,login_failure,5,6,5,12,1,1,1,malicious
zoe,it,Systems Administrator,login_failure,4,6,4,9,1,1,0,malicious
victoria,office_admin,Office Manager,file_access_denied,23,3,8,10,1,1,1,malicious
lucas,sales,Sales Manager,login_failure,22,5,6,11,1,1,0,malicious
george,sales,Business Development Executive,login_failure,20,8,8,8,1,1,0,malicious
grace,finance,Finance Manager,login_failure,5,6,7,10,1,1,0,malicious
oscar,sales,Sales Executive,login_failure,21,4,7,7,1,1,0,malicious
ben,office_admin,Deputy Office Manager,file_access_denied,23,4,7,10,1,1,0,malicious
megan,it,IT Support Engineer,login_failure,2,3,6,5,1,1,1,malicious
victoria,office_admin,Office Manager,login_failure,20,3,3,12,1,1,1,malicious
nathan,it,Senior Systems Administrator,file_access_denied,23,3,5,6,1,1,1,malicious
charlie,sales,Sales Support Assistant,file_access_denied,20,4,3,6,1,1,1,malicious
hannah,it,Security Administrator,file_access_denied,23,5,5,9,1,1,0,malicious
erin,it,Identity and Access Administrator,file_access_denied,21,5,6,6,1,1,0,malicious
zoe,it,Systems Administrator,login_failure,0,4,7,6,1,1,1,malicious
george,sales,Business Development Executive,file_access_denied,21,6,7,8,1,1,1,malicious
poppy,sales,Sales Administrator,login_failure,1,8,3,5,1,1,0,malicious
ruby,sales,Sales Executive,file_access_denied,21,4,6,7,1,1,1,malicious
megan,it,IT Support Engineer,file_access_denied,2,3,6,7,1,1,1,malicious
nina,office_admin,Site Administrator,file_access_denied,21,4,7,10,1,1,0,malicious
harry,hr,People Operations Administrator,file_access_denied,3,3,4,9,1,1,1,malicious
owen,it,Endpoint Administrator,file_access_denied,3,4,8,6,1,1,1,malicious
archie,hr,HR Assistant,login_failure,23,3,8,12,1,1,0,malicious
archie,hr,HR Assistant,file_access_denied,2,4,4,5,1,1,1,malicious
theo,sales,Junior Sales Executive,file_access_denied,0,5,8,7,1,1,1,malicious
lucas,sales,Sales Manager,login_failure,22,4,7,11,1,1,1,malicious
charlie,sales,Sales Support Assistant,login_failure,20,3,4,11,1,1,0,malicious
george,sales,Business Development Executive,file_access_denied,22,6,6,11,1,1,0,malicious
harry,hr,People Operations Administrator,login_failure,22,5,8,7,1,1,0,malicious
sarah,hr,HR Manager,login_failure,21,4,6,11,1,1,1,malicious
sam,it,Junior IT Support Technician,file_access_denied,22,4,8,7,1,1,0,malicious
mason,hr,Recruitment Coordinator,login_failure,20,3,3,5,1,1,1,malicious
ella,sales,Senior Sales Executive,file_access_denied,5,6,7,11,1,1,1,malicious
hannah,it,Security Administrator,file_access_denied,0,8,8,5,1,1,1,malicious
ben,office_admin,Deputy Office Manager,login_failure,1,3,7,10,1,1,0,malicious
alfie,sales,Sales Executive,login_failure,20,8,7,9,1,1,0,malicious
ella,sales,Senior Sales Executive,file_access_denied,2,8,4,8,1,1,1,malicious
victoria,office_admin,Office Manager,file_access_denied,0,7,6,12,1,1,0,malicious
liam,finance,Finance Assistant,login_failure,1,4,5,11,1,1,0,malicious
ben,office_admin,Deputy Office Manager,file_access_denied,0,8,7,12,1,1,1,malicious
grace,finance,Finance Manager,file_access_denied,3,3,3,7,1,1,1,malicious
owen,it,Endpoint Administrator,login_failure,4,8,8,5,1,1,1,malicious
owen,it,Endpoint Administrator,login_failure,23,5,4,8,1,1,0,malicious
jake,finance,Financial Analyst,file_access_denied,1,3,4,5,1,1,1,malicious
theo,sales,Junior Sales Executive,file_access_denied,20,4,5,5,1,1,0,malicious
lucy,it,Monitoring and Logging Analyst,login_failure,22,8,8,6,1,1,1,malicious
emma,finance,Accounts Payable Assistant,file_access_denied,5,3,8,12,1,1,0,malicious
jake,finance,Financial Analyst,login_failure,22,5,7,11,1,1,0,malicious
oscar,sales,Sales Executive,login_failure,21,4,3,12,1,1,0,malicious
freya,sales,Sales Executive,file_access_denied,1,4,7,7,1,1,1,malicious
liam,finance,Finance Assistant,login_failure,21,5,7,11,1,1,0,malicious
george,sales,Business Development Executive,file_access_denied,21,3,7,10,1,1,1,malicious
leo,hr,Learning and Development Coordinator,login_failure,22,5,5,9,1,1,1,malicious
olivia,finance,Financial Reporting Accountant,file_access_denied,22,6,8,5,1,1,1,malicious
ethan,hr,HR Advisor,file_access_denied,3,3,6,10,1,1,1,malicious
olivia,finance,Financial Reporting Accountant,file_access_denied,23,7,4,10,1,1,1,malicious
jack,sales,Senior Sales Executive,login_failure,3,7,3,12,1,1,1,malicious
victoria,office_admin,Office Manager,file_access_denied,4,3,3,12,1,1,1,malicious
amelia,hr,Senior HR Advisor,login_failure,0,6,4,12,1,1,1,malicious
nathan,it,Senior Systems Administrator,file_access_denied,21,7,5,8,1,1,0,malicious
lucas,sales,Sales Manager,login_failure,22,3,4,8,1,1,0,malicious
megan,it,IT Support Engineer,login_failure,22,3,8,9,1,1,0,malicious
hannah,it,Security Administrator,file_access_denied,3,3,5,6,1,1,0,malicious
theo,sales,Junior Sales Executive,file_access_denied,5,3,8,10,1,1,0,malicious
emma,finance,Accounts Payable Assistant,login_failure,3,7,4,9,1,1,1,malicious
charlie,sales,Sales Support Assistant,file_access_denied,21,8,3,8,1,1,0,malicious
lucy,it,Monitoring and Logging Analyst,file_access_denied,2,4,7,10,1,1,0,malicious
megan,it,IT Support Engineer,login_failure,23,4,8,8,1,1,1,malicious
mia,hr,HR Administrator,login_failure,23,8,7,8,1,1,1,malicious
alex,it,IT Manager,file_access_denied,3,6,8,6,1,1,1,malicious
ethan,hr,HR Advisor,login_failure,21,8,8,7,1,1,1,malicious
jack,sales,Senior Sales Executive,login_failure,3,3,4,12,1,1,1,malicious
ruby,sales,Sales Executive,file_access_denied,5,8,3,11,1,1,1,malicious
sophie,finance,Payroll Administrator,file_access_denied,22,5,3,10,1,1,1,malicious
lucy,it,Monitoring and Logging Analyst,login_failure,21,5,5,8,1,1,0,malicious
alfie,sales,Sales Executive,login_failure,1,4,3,10,1,1,1,malicious
olivia,finance,Financial Reporting Accountant,file_access_denied,1,4,7,7,1,1,0,malicious
adam,it,Senior IT Support Engineer,login_failure,2,4,6,8,1,1,1,malicious
george,sales,Business Development Executive,file_access_denied,22,8,7,7,1,1,1,malicious
freya,sales,Sales Executive,file_access_denied,23,6,3,11,1,1,0,malicious
emma,finance,Accounts Payable Assistant,file_access_denied,0,7,3,7,1,1,0,malicious
freya,sales,Sales Executive,login_failure,2,3,3,5,1,1,1,malicious
adam,it,Senior IT Support Engineer,file_access_denied,22,4,5,6,1,1,1,malicious
lily,hr,HR Assistant,file_access_denied,21,5,6,10,1,1,0,malicious
olivia,finance,Financial Reporting Accountant,file_access_denied,20,4,3,10,1,1,0,malicious
ben,office_admin,Deputy Office Manager,file_access_denied,21,7,7,12,1,1,0,malicious
grace,finance,Finance Manager,file_access_denied,2,3,7,6,1,1,1,malicious
erin,it,Identity and Access Administrator,file_access_denied,0,4,6,9,1,1,1,malicious
jack,sales,Senior Sales Executive,login_failure,5,3,6,8,1,1,0,malicious
leo,hr,Learning and Development Coordinator,file_access_denied,1,4,7,12,1,1,0,malicious
liam,finance,Finance Assistant,file_access_denied,1,4,5,5,1,1,1,malicious
theo,sales,Junior Sales Executive,file_access_denied,21,5,4,8,1,1,1,malicious
sophie,finance,Payroll Administrator,login_failure,20,6,5,7,1,1,0,malicious
ella,sales,Senior Sales Executive,file_access_denied,21,3,8,11,1,1,1,malicious
theo,sales,Junior Sales Executive,login_failure,20,7,8,12,1,1,1,malicious
olivia,finance,Financial Reporting Accountant,login_failure,3,4,3,9,1,1,1,malicious
lily,hr,HR Assistant,file_access_denied,1,8,6,11,1,1,0,malicious
alfie,sales,Sales Executive,login_failure,20,4,5,10,1,1,0,malicious
zoe,it,Systems Administrator,login_failure,20,5,8,12,1,1,0,malicious
emma,finance,Accounts Payable Assistant,file_access_denied,21,3,7,10,1,1,0,malicious
liam,finance,Finance Assistant,file_access_denied,3,5,5,9,1,1,0,malicious
adam,it,Senior IT Support Engineer,file_access_denied,0,8,8,10,1,1,0,malicious
jack,sales,Senior Sales Executive,file_access_denied,20,6,6,5,1,1,1,malicious
ryan,it,Network Administrator,file_access_denied,0,7,4,6,1,1,0,malicious
owen,it,Endpoint Administrator,file_access_denied,1,8,7,10,1,1,0,malicious
ava,hr,Employee Relations Advisor,login_failure,23,6,4,5,1,1,1,malicious
lucas,sales,Sales Manager,login_failure,1,5,5,7,1,1,0,malicious
jack,sales,Senior Sales Executive,file_access_denied,3,6,4,12,1,1,0,malicious
alex,it,IT Manager,file_access_denied,5,4,6,9,1,1,0,malicious
sarah,hr,HR Manager,login_failure,21,6,6,10,1,1,1,malicious
millie,sales,Account Executive,file_access_denied,3,6,4,6,1,1,0,malicious
megan,it,IT Support Engineer,login_failure,23,4,3,12,1,1,0,malicious
oscar,sales,Sales Executive,file_access_denied,22,6,5,8,1,1,0,malicious
megan,it,IT Support Engineer,file_access_denied,1,4,5,7,1,1,0,malicious
daniel,finance,Senior Accountant,login_failure,22,3,3,10,1,1,0,malicious
ben,office_admin,Deputy Office Manager,login_failure,3,3,4,9,1,1,0,malicious
ruby,sales,Sales Executive,file_access_denied,21,6,5,10,1,1,1,malicious
alfie,sales,Sales Executive,login_failure,3,8,8,12,1,1,0,malicious
charlie,sales,Sales Support Assistant,login_failure,2,8,4,11,1,1,0,malicious
charlie,sales,Sales Support Assistant,file_access_denied,20,7,6,9,1,1,0,malicious
leo,hr,Learning and Development Coordinator,file_access_denied,0,5,4,7,1,1,0,malicious
owen,it,Endpoint Administrator,file_access_denied,1,7,4,9,1,1,1,malicious
owen,it,Endpoint Administrator,login_failure,23,8,4,11,1,1,0,malicious
mia,hr,HR Administrator,file_access_denied,5,6,8,5,1,1,0,malicious
callum,it,IT Support Technician,login_failure,20,8,4,8,1,1,0,malicious
owen,it,Endpoint Administrator,login_failure,22,5,8,8,1,1,0,malicious
zoe,it,Systems Administrator,file_access_denied,21,8,4,6,1,1,1,malicious
nina,office_admin,Site Administrator,login_failure,20,7,5,9,1,1,1,malicious
liam,finance,Finance Assistant,file_access_denied,5,5,5,11,1,1,1,malicious
lucy,it,Monitoring and Logging Analyst,file_access_denied,3,4,4,5,1,1,0,malicious
george,sales,Business Development Executive,file_access_denied,1,8,6,6,1,1,0,malicious
liam,finance,Finance Assistant,login_failure,5,5,8,5,1,1,0,malicious
daniel,finance,Senior Accountant,login_failure,1,7,7,8,1,1,1,malicious
emma,finance,Accounts Payable Assistant,file_access_denied,20,3,4,10,1,1,1,malicious
oscar,sales,Sales Executive,file_access_denied,5,4,3,11,1,1,0,malicious
lucy,it,Monitoring and Logging Analyst,file_access_denied,0,7,8,12,1,1,1,malicious
mia,hr,HR Administrator,login_failure,0,5,7,9,1,1,1,malicious
sarah,hr,HR Manager,login_failure,3,5,4,6,1,1,0,malicious
mason,hr,Recruitment Coordinator,file_access_denied,22,8,7,5,1,1,0,malicious
oscar,sales,Sales Executive,login_failure,3,5,8,11,1,1,1,malicious
mason,hr,Recruitment Coordinator,file_access_denied,1,3,4,5,1,1,0,malicious
oscar,sales,Sales Executive,login_failure,20,5,3,11,1,1,1,malicious
archie,hr,HR Assistant,login_failure,5,4,6,10,1,1,1,malicious
adam,it,Senior IT Support Engineer,login_failure,3,7,3,12,1,1,1,malicious
sarah,hr,HR Manager,login_failure,2,6,6,5,1,1,1,malicious
leo,hr,Learning and Development Coordinator,login_failure,1,3,5,5,1,1,1,malicious
amelia,hr,Senior HR Advisor,login_failure,2,6,4,12,1,1,1,malicious
hannah,it,Security Administrator,login_failure,22,8,5,12,1,1,1,malicious
ella,sales,Senior Sales Executive,login_failure,3,4,3,6,1,1,1,malicious
megan,it,IT Support Engineer,login_failure,20,6,6,11,1,1,0,malicious
emma,finance,Accounts Payable Assistant,file_access_denied,1,8,4,9,1,1,0,malicious
leo,hr,Learning and Development Coordinator,login_failure,0,7,6,5,1,1,0,malicious
harry,hr,People Operations Administrator,file_access_denied,21,6,6,10,1,1,0,malicious
theo,sales,Junior Sales Executive,login_failure,0,4,6,7,1,1,1,malicious
millie,sales,Account Executive,file_access_denied,20,3,8,8,1,1,0,malicious
ryan,it,Network Administrator,file_access_denied,2,8,3,11,1,1,0,malicious
chloe,hr,HR Advisor,file_access_denied,21,5,3,8,1,1,1,malicious
grace,finance,Finance Manager,file_access_denied,4,3,5,5,1,1,1,malicious
zoe,it,Systems Administrator,file_access_denied,0,6,6,5,1,1,0,malicious
lily,hr,HR Assistant,login_failure,22,7,4,8,1,1,0,malicious
sarah,hr,HR Manager,login_failure,22,5,3,7,1,1,0,malicious
olivia,finance,Financial Reporting Accountant,file_access_denied,21,5,5,6,1,1,0,malicious
isla,hr,Recruitment Advisor,login_failure,20,6,5,11,1,1,0,malicious
mason,hr,Recruitment Coordinator,login_failure,23,8,6,9,1,1,0,malicious
jake,finance,Financial Analyst,file_access_denied,3,6,4,12,1,1,0,malicious
daisy,sales,Business Development Executive,file_access_denied,20,6,6,6,1,1,1,malicious
ben,office_admin,Deputy Office Manager,file_access_denied,0,4,3,10,1,1,1,malicious
liam,finance,Finance Assistant,file_access_denied,2,7,4,8,1,1,0,malicious
sophie,finance,Payroll Administrator,file_access_denied,5,8,4,5,1,1,0,malicious
mason,hr,Recruitment Coordinator,login_failure,1,4,7,11,1,1,1,malicious
daniel,finance,Senior Accountant,login_failure,22,8,3,10,1,1,0,malicious
lily,hr,HR Assistant,file_access_denied,1,8,6,10,1,1,1,malicious
alex,it,IT Manager,file_access_denied,23,4,5,8,1,1,1,malicious
jack,sales,Senior Sales Executive,file_access_denied,22,4,4,8,1,1,0,malicious
theo,sales,Junior Sales Executive,file_access_denied,3,3,3,7,1,1,1,malicious
george,sales,Business Development Executive,file_access_denied,5,6,3,11,1,1,1,malicious
callum,it,IT Support Technician,file_access_denied,5,5,6,7,1,1,0,malicious
chloe,hr,HR Advisor,file_access_denied,5,5,4,12,1,1,1,malicious
millie,sales,Account Executive,login_failure,23,4,5,11,1,1,0,malicious
lucy,it,Monitoring and Logging Analyst,login_failure,22,5,5,10,1,1,0,malicious
ben,office_admin,Deputy Office Manager,file_access_denied,3,4,7,5,1,1,1,malicious
isla,hr,Recruitment Advisor,login_failure,21,3,7,9,1,1,1,malicious
nathan,it,Senior Systems Administrator,file_access_denied,1,7,4,9,1,1,0,malicious
millie,sales,Account Executive,login_failure,22,4,4,6,1,1,0,malicious
leo,hr,Learning and Development Coordinator,login_failure,3,4,4,12,1,1,0,malicious
henry,sales,Account Executive,login_failure,4,3,5,10,1,1,1,malicious
mia,hr,HR Administrator,file_access_denied,2,7,5,5,1,1,0,malicious
ben,office_admin,Deputy Office Manager,file_access_denied,5,7,6,12,1,1,1,malicious
ethan,hr,HR Advisor,file_access_denied,3,4,6,7,1,1,1,malicious
sam,it,Junior IT Support Technician,file_access_denied,23,6,7,9,1,1,0,malicious
zoe,it,Systems Administrator,file_access_denied,22,5,3,7,1,1,0,malicious
olivia,finance,Financial Reporting Accountant,file_access_denied,20,6,5,12,1,1,0,malicious
nathan,it,Senior Systems Administrator,login_failure,4,8,8,8,1,1,1,malicious
mia,hr,HR Administrator,login_failure,5,5,5,8,1,1,0,malicious
freya,sales,Sales Executive,login_failure,0,7,4,7,1,1,0,malicious
ava,hr,Employee Relations Advisor,file_access_denied,1,6,8,11,1,1,1,malicious
adam,it,Senior IT Support Engineer,login_failure,4,7,7,6,1,1,0,malicious
nathan,it,Senior Systems Administrator,file_access_denied,21,3,8,5,1,1,1,malicious
alex,it,IT Manager,login_failure,3,6,6,9,1,1,0,malicious
noah,finance,Credit Controller,login_failure,21,4,5,11,1,1,0,malicious
isla,hr,Recruitment Advisor,file_access_denied,0,5,5,7,1,1,0,malicious
oscar,sales,Sales Executive,file_access_denied,4,3,6,12,1,1,0,malicious
grace,finance,Finance Manager,file_access_denied,4,4,6,6,1,1,1,malicious
sarah,hr,HR Manager,login_failure,4,8,8,6,1,1,0,malicious
freya,sales,Sales Executive,login_failure,4,3,5,8,1,1,1,malicious
lucy,it,Monitoring and Logging Analyst,file_access_denied,21,4,8,5,1,1,1,malicious
mia,hr,HR Administrator,file_access_denied,0,6,3,6,1,1,0,malicious
henry,sales,Account Executive,file_access_denied,20,8,5,6,1,1,0,malicious
ben,office_admin,Deputy Office Manager,file_access_denied,23,6,7,10,1,1,1,malicious
mia,hr,HR Administrator,file_access_denied,23,3,4,8,1,1,0,malicious
rosie,sales,Sales Support Coordinator,login_failure,5,3,5,9,1,1,1,malicious
noah,finance,Credit Controller,file_access_denied,0,6,6,10,1,1,0,malicious
rosie,sales,Sales Support Coordinator,login_failure,3,4,7,12,1,1,1,malicious
poppy,sales,Sales Administrator,login_failure,21,7,7,12,1,1,0,malicious
henry,sales,Account Executive,file_access_denied,22,6,3,5,1,1,0,malicious
alfie,sales,Sales Executive,file_access_denied,2,5,8,10,1,1,1,malicious
alfie,sales,Sales Executive,file_access_denied,22,5,4,12,1,1,0,malicious
ryan,it,Network Administrator,login_failure,23,4,4,7,1,1,0,malicious
freya,sales,Sales Executive,file_access_denied,22,5,7,10,1,1,0,malicious
erin,it,Identity and Access Administrator,file_access_denied,22,6,3,7,1,1,1,malicious
alex,it,IT Manager,file_access_denied,20,7,4,10,1,1,1,malicious
chloe,hr,HR Advisor,login_failure,3,4,6,10,1,1,1,malicious
lucy,it,Monitoring and Logging Analyst,file_access_denied,4,8,5,6,1,1,1,malicious
henry,sales,Account Executive,login_failure,5,8,6,12,1,1,0,malicious
daisy,sales,Business Development Executive,login_failure,1,6,5,8,1,1,1,malicious
jack,sales,Senior Sales Executive,file_access_denied,22,5,4,10,1,1,0,malicious
alex,it,IT Manager,login_failure,23,6,3,7,1,1,0,malicious
ben,office_admin,Deputy Office Manager,file_access_denied,20,5,8,10,1,1,1,malicious
emma,finance,Accounts Payable Assistant,file_access_denied,0,8,8,5,1,1,1,malicious
callum,it,IT Support Technician,file_access_denied,0,5,6,5,1,1,1,malicious
george,sales,Business Development Executive,file_access_denied,21,3,7,10,1,1,1,malicious
millie,sales,Account Executive,file_access_denied,23,7,7,6,1,1,0,malicious
jack,sales,Senior Sales Executive,login_failure,0,3,7,11,1,1,1,malicious
lily,hr,HR Assistant,login_failure,4,5,4,9,1,1,1,malicious
zoe,it,Systems Administrator,login_failure,3,7,7,7,1,1,0,malicious
ava,hr,Employee Relations Advisor,file_access_denied,0,6,6,7,1,1,1,malicious
lucas,sales,Sales Manager,login_failure,5,7,8,11,1,1,1,malicious
henry,sales,Account Executive,file_access_denied,3,7,8,9,1,1,1,malicious
ryan,it,Network Administrator,file_access_denied,22,5,5,7,1,1,1,malicious
amelia,hr,Senior HR Advisor,file_access_denied,2,5,5,12,1,1,0,malicious
nina,office_admin,Site Administrator,file_access_denied,4,3,5,9,1,1,1,malicious
megan,it,IT Support Engineer,file_access_denied,23,7,4,7,1,1,0,malicious
george,sales,Business Development Executive,login_failure,2,4,7,8,1,1,0,malicious
callum,it,IT Support Technician,file_access_denied,1,6,4,6,1,1,1,malicious
emma,finance,Accounts Payable Assistant,login_failure,23,4,7,11,1,1,0,malicious
amelia,hr,Senior HR Advisor,file_access_denied,23,4,5,12,1,1,1,malicious
theo,sales,Junior Sales Executive,login_failure,0,4,3,12,1,1,1,malicious
lucy,it,Monitoring and Logging Analyst,file_access_denied,3,8,5,9,1,1,0,malicious
henry,sales,Account Executive,file_access_denied,22,7,4,9,1,1,0,malicious
emma,finance,Accounts Payable Assistant,file_access_denied,21,6,6,10,1,1,1,malicious
noah,finance,Credit Controller,login_failure,3,5,6,12,1,1,0,malicious
henry,sales,Account Executive,file_access_denied,20,5,3,6,1,1,0,malicious
leo,hr,Learning and Development Coordinator,file_access_denied,2,7,7,12,1,1,1,malicious
jack,sales,Senior Sales Executive,login_failure,2,4,5,5,1,1,1,malicious
mason,hr,Recruitment Coordinator,login_failure,21,8,4,8,1,1,0,malicious
rosie,sales,Sales Support Coordinator,file_access_denied,21,6,5,8,1,1,0,malicious
theo,sales,Junior Sales Executive,login_failure,22,7,5,11,1,1,0,malicious
leo,hr,Learning and Development Coordinator,login_failure,3,7,7,5,1,1,1,malicious
henry,sales,Account Executive,file_access_denied,20,8,6,9,1,1,0,malicious
victoria,office_admin,Office Manager,file_access_denied,23,3,5,9,1,1,0,malicious
hannah,it,Security Administrator,login_failure,21,8,8,6,1,1,1,malicious
ben,office_admin,Deputy Office Manager,login_failure,20,7,6,7,1,1,0,malicious
ethan,hr,HR Advisor,login_failure,22,7,5,10,1,1,0,malicious
nina,office_admin,Site Administrator,file_access_denied,23,3,4,8,1,1,0,malicious
lily,hr,HR Assistant,login_failure,21,8,4,7,1,1,1,malicious
charlie,sales,Sales Support Assistant,file_access_denied,3,8,3,10,1,1,0,malicious
freya,sales,Sales Executive,file_access_denied,2,5,6,7,1,1,1,malicious
grace,finance,Finance Manager,file_access_denied,20,5,5,10,1,1,1,malicious
olivia,finance,Financial Reporting Accountant,login_failure,20,8,7,5,1,1,0,malicious
lucy,it,Monitoring and Logging Analyst,login_failure,20,6,7,8,1,1,1,malicious
sophie,finance,Payroll Administrator,file_access_denied,23,3,6,10,1,1,0,malicious
erin,it,Identity and Access Administrator,login_failure,23,5,6,5,1,1,1,malicious
adam,it,Senior IT Support Engineer,file_access_denied,20,4,7,5,1,1,0,malicious
ethan,hr,HR Advisor,login_failure,22,8,6,10,1,1,1,malicious
liam,finance,Finance Assistant,login_failure,0,7,3,11,1,1,1,malicious
charlie,sales,Sales Support Assistant,login_failure,23,7,7,8,1,1,0,malicious
ryan,it,Network Administrator,login_failure,2,4,8,8,1,1,0,malicious
isla,hr,Recruitment Advisor,file_access_denied,0,3,5,11,1,1,1,malicious
lily,hr,HR Assistant,login_failure,21,8,6,5,1,1,1,malicious
jack,sales,Senior Sales Executive,file_access_denied,1,4,5,5,1,1,1,malicious
charlie,sales,Sales Support Assistant,login_failure,20,5,5,12,1,1,1,malicious
jake,finance,Financial Analyst,login_failure,21,3,4,10,1,1,0,malicious
ella,sales,Senior Sales Executive,file_access_denied,1,4,7,12,1,1,0,malicious
zoe,it,Systems Administrator,file_access_denied,20,4,6,6,1,1,1,malicious
mia,hr,HR Administrator,login_failure,1,3,7,9,1,1,0,malicious
lucy,it,Monitoring and Logging Analyst,login_failure,3,4,5,10,1,1,1,malicious
callum,it,IT Support Technician,file_access_denied,5,6,4,6,1,1,0,malicious
rosie,sales,Sales Support Coordinator,login_failure,22,6,8,5,1,1,1,malicious
